Filter_0,Filter_1,Filter_2,Filter_3,Filter_4,Filter_5,Filter_6,Filter_7,Filter_8,Filter_9,Filter_10,Filter_11,Filter_12,Filter_13,Filter_14,Filter_15,Filter_16,Filter_17,Filter_18,Filter_19,Filter_20,Filter_21,Filter_22,Filter_23,Filter_24,Filter_25,Filter_26,Filter_27,Filter_28,Filter_29,Filter_30,Filter_31,Filter_32,Filter_33,Filter_34,Filter_35,Filter_36,Filter_37,Filter_38,Filter_39,Filter_40,Filter_41,Filter_42,Filter_43,Filter_44,Filter_45,Filter_46,Filter_47,Filter_48,Filter_49,Filter_50,Filter_51,Filter_52,Filter_53,Filter_54,Filter_55,Filter_56,Filter_57,Filter_58,Filter_59
[645164],[347865],,"[6830, 238156, 256931, 326977, 478151, 612702]","[169247, 606951]","[226997, 238260, 327040, 377763]",[680375],"[470, 301062, 301188, 378050, 605475, 680693]","[355, 257069]","[197858, 301277, 591848]","[1219, 36522, 88516]",[845],"[5915, 235277, 235564, 478080]","[300825, 350831, 605252]","[36571, 169072, 197543, 374593]",[347600],,[6457],"[246409, 257219, 350619]",,,[235315],"[223628, 374596, 642893, 680466]","[46315, 238488, 333764, 414349]","[327106, 373918]","[393823, 591891, 605579, 645195]","[224874, 300529, 300535, 394332, 607009]","[1065, 9661]","[754, 36196, 46382, 235304, 333892]","[761, 36503, 236424, 374227, 591847]","[300526, 300529, 300535, 394335]","[261752, 326894, 350750, 374626]","[944, 6750, 223600, 224839, 300530, 393547]",,[238169],"[834, 223247, 238364, 256475, 261786, 301178, 557087, 643082, 680355]",,"[460, 46384, 300530, 393550, 394390, 556889, 681585]","[36610, 197461, 301397, 326835, 375255, 394569, 612540]","[36474, 225110, 238310, 256687, 300741, 350620, 393443, 605479, 605491, 680335]","[46054, 612806]",,[347570],"[605279, 612551]","[326742, 591976]",[236677],,"[36325, 261746, 327097, 393631, 645242]","[257358, 612533]","[246709, 477916]","[46339, 223438, 256565, 261977, 301326, 350664, 605195, 681849]","[9423, 236456, 261597, 261783, 333776, 374295, 377788, 377887, 393719, 414326, 556943, 612385, 612421]","[374144, 477903, 592090, 645303, 680723, 681513, 681528]",[46227],"[374462, 605251]","[300702, 374345, 377786]","[9722, 88826, 374485, 377792, 642841, 643232]",[414077],"[300484, 394176, 405911, 592036, 592171, 605189]","[227281, 393436]"
[90124],[11301],[111162],"[101285, 227951]","[110227, 116629]",[292674],,"[14725, 107612, 110150, 110397, 138852, 142698, 168343, 293039]","[57739, 102428, 116360, 295592]","[102410, 168533]","[30691, 102370, 138610, 163067]",[111598],"[428, 57703, 58006, 110212, 110383]",[66092],"[102247, 123877]","[90946, 102241, 112015, 227939]",,"[110103, 295368]",[112447],[295380],,[107420],[177602],"[57557, 292865]","[11533, 101195, 107233, 127793, 127796]","[58011, 58107, 110820, 292597, 295588]","[57949, 57958]",[227804],"[110181, 114249, 127667, 177496]","[67485, 107270, 227808]",[138850],"[90957, 117092]","[110072, 116777, 123849, 138710]","[30643, 90089, 110323]",,"[90911, 295427]",,"[30984, 57655, 58219, 112454]","[57490, 67474, 67493, 90068, 227995]","[82698, 90089, 111828, 127911, 177473]",,"[30766, 101211, 110798]",,"[57667, 101460, 177703]","[107422, 114367, 127865]",[67800],[111961],"[57867, 57867, 57908]","[11505, 100851, 116815]","[90696, 292867, 295257]",[11288],"[78389, 78500, 138618, 177592]","[67751, 82278, 89903, 89928, 90724, 114333, 127704, 142659, 142859, 168267]",[107547],,"[127563, 163113, 177594]","[57468, 57650, 101359, 138745]",[116484],"[102037, 138660, 292843]","[57812, 57812, 111448]"
"[453925, 453939, 519672, 1150802, 1450117, 1529134]","[440767, 1524790]","[340720, 1524930]","[45225, 410269, 434165, 444819, 453581, 454030, 455601, 556094, 768557, 881524, 992932, 1099296, 1176038, 1237249, 1270320, 1529703]","[331989, 602226, 1527703]","[218384, 331640, 331640, 359757, 455278, 465562, 602055, 1150702, 1360497, 1461845]","[45351, 217966, 410257, 444102, 1403016]","[117699, 230431, 230437, 340714, 440378, 453194, 472749, 472875, 721080, 802773, 929674, 1075469, 1098512, 1239716, 1239728, 1245230, 1257005, 1329650, 1329662, 1329767, 1531627]","[118304, 130271, 130401, 218154, 230014, 410333, 410544, 465281, 465372, 541635, 1237140, 1239400, 1239503, 1527239, 1531382]","[434411, 453959, 489011, 492549, 568735, 668240, 992740, 1269933]","[323080, 323085, 359374, 440522, 620139, 667811, 946584, 1360741, 1403077, 1531230]",[130595],"[83357, 118143, 217993, 356413, 444845, 446551, 465299, 526257, 1527867]","[118246, 218096, 472512, 520976, 580219, 946368]","[1489629, 1527371, 1531170]","[440686, 519740, 1531845]","[410390, 668038]","[117766, 526186, 1527456]","[45199, 118131, 118520, 1017355, 1176078, 1402863, 1450085, 1450119, 1529779]","[721294, 1329705, 1489611]",[410315],"[230042, 453693, 465150, 1243529]","[359745, 410380, 446548, 472630, 1098362, 1527884, 1530823]","[359686, 437872, 1075276, 1525262]","[83731, 217978, 230569, 916015, 1256832]",,"[45172, 117668, 229930, 230402, 230435, 230453, 230459, 230462, 309350, 322959, 322962, 356772, 453830, 915716, 1239732, 1239744, 1270299, 1529186, 1531559]","[130428, 229913, 472655, 519529, 884485, 884563, 988592, 1360428]","[230174, 230174, 309417, 449939, 988593, 1099328, 1243134, 1524970]","[453113, 455046, 465557, 519860, 721235, 916006, 930001, 1301843, 1450288]","[229996, 230390, 230402, 230429, 230432, 230435, 230447, 492280, 492280, 526262, 1239717, 1239732, 1301820, 1489685, 1530146, 1530254, 1530326, 1530362, 1530398, 1530401, 1530482]","[340685, 492356, 492356, 541445, 602151, 620114, 667922, 992760, 993006, 1095264, 1360464]","[309207, 988685, 1098334, 1098466, 1237044, 1239700, 1239703, 1402653, 1530120, 1530333, 1530369, 1530408]","[230465, 1239762, 1301888, 1450193]","[946615, 1237258, 1402638]","[307102, 331653, 331653, 356618, 437935, 453662, 472865, 619914, 881887, 916063, 1075370, 1099311, 1244926, 1256981, 1270277, 1529346]","[884522, 946224, 1095124, 1150632]","[440660, 444098, 446825, 492293, 492293, 556100, 768595, 1098976, 1402230, 1489603]","[118309, 218159, 307024, 356558, 488840, 768960, 988420, 1461563]","[45344, 45610, 117803, 117870, 230021, 230453, 307333, 340766, 440792, 446513, 453031, 453282, 456324, 465144, 488914, 519701, 520791, 526241, 541559, 541649, 802575, 1017099, 1239750, 1245259, 1352374, 1355236, 1461696, 1524946, 1526342]","[454808, 526335, 1256990, 1531346]","[309423, 453684, 455596, 988592, 1360854, 1450145]","[340867, 437679, 455660, 520813, 884200, 1527930, 1528004]","[45330, 340662, 456313, 541630, 884473, 1489444, 1529294]","[881735, 1402976, 1527421]","[45295, 340744, 359383, 519543]","[331271, 946560, 992922, 1075553, 1352485]","[45575, 434445, 447741, 447752, 447741, 447752, 541250, 619772, 1402586, 1450301, 1489677, 1528971]","[117870, 526133, 1270103, 1524999, 1530030]",[1402242],"[118495, 437987, 453809, 519930, 1098172, 1243564, 1360497, 1529145]","[45330, 130654, 307184, 309253, 331758, 331836, 340529, 434206, 446921, 454920, 456584, 721082, 721085, 768604, 1099268, 1099271, 1245035, 1489447, 1489609, 1489624, 1489753, 1489762, 1530124, 1530334, 1530370, 1530415, 1530451]","[309084, 331951, 340546, 453148, 453181, 465246, 520760, 526108, 580314, 580405, 884608, 1075336, 1201528, 1256960, 1270074, 1301794, 1355240, 1489592, 1526310]","[322780, 437839, 448015]","[434362, 434468, 437888, 437934, 988486, 992824, 1176058, 1527502, 1530656, 1530656]","[117851, 230146, 230146, 230453, 309179, 445064, 453165, 455365, 492289, 492289, 1302093, 1461543, 1461677, 1531099]","[331392, 455512, 456718, 720993, 721218, 915836, 1270170, 1329788, 1329920, 1489655, 1489664, 1489724, 1525421]","[229991, 309027, 456574, 488997, 802828]","[130570, 444079, 445031, 446612, 453193, 454998, 465124, 568915, 1237175, 1529401]","[444087, 444869, 980937, 1239816, 1352717, 1530562]"
"[197589, 256582, 370414]",,,"[8007, 255465, 324610, 325662, 336564]",[350281],"[324377, 439142]",,"[1925, 1961, 1997, 69225, 365820, 365973]",[325540],"[210451, 324535, 370246, 370634]","[69338, 355740]",[69557],[336559],[324550],"[210714, 324326, 336372, 394773, 438907]",[439435],[183471],,"[175187, 364080, 439512]",,,"[255458, 256478]",[256396],[439717],"[175104, 248934, 248937, 355728, 370197, 370490]","[1648, 5028, 197620, 370445]","[8086, 439567]","[278, 1265, 69549, 210579, 325597, 365537, 438801]",,"[210808, 231619]",[1959],"[69419, 300076]","[1144, 210755]",,[394916],"[248795, 255461, 325546, 336495, 355625, 364005, 365277]",[439513],"[300478, 324161, 324426, 363906]",[370320],"[1876, 69467, 350198, 439389]",,[278],,"[1670, 351148]",,"[7853, 325667, 357958]",[300247],"[69669, 231622, 325964]",[365418],,,"[2990, 300045, 325893, 355320]","[360, 69218, 98487, 98746, 175006, 183310, 255341, 256104, 364155, 364163, 370354, 394929]",[363900],,"[255529, 255637, 255787, 317507, 394692, 394701]","[1698, 1734, 1764, 1800, 1836, 1842, 1872, 2010, 2019, 2022, 2052, 69406, 98563, 324371, 439609]","[256232, 256232, 355622, 439055]",,"[7726, 175251, 197530]"
"[30082, 31127]","[9057, 11072, 14274, 34040, 34312, 35831, 45068, 45212, 60935, 67020, 73018, 77083, 81429, 83079]",,[80170],"[8017, 26213, 26330, 28339, 35988, 35988, 80182, 83033]","[2, 227, 318, 318, 691, 691, 2050, 2659, 2699, 2824, 5967, 6080, 6254, 6363, 8389, 8972, 9141, 9247, 9632, 10254, 10276, 10563, 10627, 10563, 10627, 10873, 10873, 11225, 11235, 11237, 12074, 12122, 12226, 12405, 12452, 12454, 14256, 28223, 28227, 28262, 28264, 28295, 28396, 29761, 33001, 33251, 34256, 34369, 35703, 35743, 35938, 36405, 44172, 44834, 46613, 46615, 46635, 47293, 47331, 47563, 48058, 48142, 50324, 50443, 50461, 51170, 51205, 52155, 52436, 54039, 62802, 62902, 62957, 62959, 63023, 63050, 64309, 64764, 65143, 65291, 65607, 65615, 65652, 65744, 66949, 67836, 73181, 75494, 75570, 75782, 76911, 76972, 77111, 77178, 77182, 77224, 77250, 77455, 80440, 81701]",[63006],"[16910, 16911, 76841]","[20268, 62574]",[26245],"[46721, 59722, 62056]",[65040],"[8004, 60480]",,[84203],"[2622, 2778, 9516, 16859]",,"[12373, 64619]","[8852, 20455, 29876, 47836, 67028, 76984]","[2605, 50494]","[14311, 45117]","[4528, 47466]","[7375, 60712]",,"[681, 686, 689, 681, 686, 689, 14195, 28266, 28299, 44844, 47679, 52550, 56621, 62957, 66896, 84015]",[20820],[16785],[12237],"[2690, 6109, 31022, 44781, 50471, 50616, 62435, 64684, 66670, 73066]",,,"[8080, 10679, 10854, 10854, 12509, 44979, 50581, 65089]","[1080, 2041, 9210, 30088, 35603, 61692, 66679]",,"[123, 1949, 4617, 7453, 8873, 9646, 10429, 32901, 33165, 43818, 47918, 56466, 65001, 82903]","[61, 46758, 77514, 79754]",[9189],,[79590],"[20313, 59709, 77704]",,"[28377, 52314, 52421, 54011, 60765]",,"[20262, 62481]",,,"[10809, 10809]",,"[9219, 81495, 81500]","[10627, 10627, 56627, 61823]","[4739, 16858, 53749, 65934]",,"[14303, 20141, 59957]",[16783],"[1875, 59734]",,,"[1888, 20065, 33049, 72816]",,"[2185, 50655, 65006]"
"[51875, 62099, 354931, 425076]","[78884, 288604, 354761, 435041, 442364]",[100135],"[148947, 150779, 311853, 574520]","[86542, 147743, 151122]","[135382, 135588, 443357]","[3998, 68006, 443104]","[454, 52979, 79476, 99922, 131124, 306929, 322538, 397486, 442362, 576444]","[339, 3135, 3137, 67820, 146099, 147764, 148896, 153503, 438893, 576199]","[153447, 207167, 424878, 438699, 469456]","[79443, 117868, 135248, 148266, 431230, 438517]","[829, 3319, 67909, 177081, 438556]","[145755, 442019]","[250290, 397604, 442226]","[724, 86593, 306669, 442434]","[122450, 138863, 207346, 431393]","[443233, 551316]","[145590, 207469]","[51757, 52094, 67933, 78332, 99972]",,[86768],[354742],"[150577, 269593, 442242, 575640]","[77977, 86588, 140004, 306784]","[151010, 354732]","[78081, 177127, 269578, 311829, 354962, 363542, 492683]","[78371, 151040, 435944, 576376]","[1049, 100324, 150289, 150292]","[738, 62037, 86813, 148713, 354705]","[745, 86692, 311917]",[176863],"[100279, 148655, 424007]","[928, 79128, 79242, 79251, 147756, 148273, 438952, 469359, 487212]",[492335],"[52126, 122647]","[818, 3297, 51834, 118150, 122431, 140227, 147803, 148512, 149980, 269335, 269389, 363639, 469323, 573670, 574163]","[131368, 148030, 149930, 153482, 250199, 434900]","[444, 3194, 363524]","[79238, 288370, 307006]","[86573, 122396, 148300, 151115, 306610, 307020, 435729, 571176]","[61849, 149816, 207266, 266773]","[131196, 423904, 434979]",[438579],"[79149, 79302, 100215, 150807, 150861, 288452, 363341, 363345, 469692]","[266904, 311874]",[306702],"[78098, 135444, 306986, 397544, 435771]","[86676, 176867, 311912, 434976, 443419, 469353, 573788]","[3726, 147968, 150956, 152129]",,"[149037, 434654, 492462]","[53119, 78757, 79140, 424280, 438855]","[61784, 118107, 122473, 138876, 145687, 148555, 153677, 266950, 397425, 397433, 423957, 424227, 431357, 571144]","[78543, 145416, 266831, 423926]","[152961, 575473]","[3063, 148294, 148800, 177058, 288252, 306927, 311862, 363475, 424140, 424282, 438954, 573529]","[118174, 149817, 150742, 153759, 266680, 266763, 424284, 442338, 574362]","[67682, 145407, 149894, 150382]","[51869, 138699, 424622, 574218]","[52980, 312214, 443087]"
[3401],,,"[101267, 180833]","[5877, 223468, 226770]",[210711],,"[952, 1024, 1060, 180971, 220314]","[2325, 2327, 204949, 226462]","[4165, 223390]","[626, 4201, 4352, 144721, 167247, 220512, 270027]","[252, 2509]",,"[92, 101372, 101380, 144190, 167493, 270109]",[147],"[101373, 149083]",,"[144841, 154273, 191608]",[154059],,[148426],[2615],[269773],[811],"[148945, 162307]","[855, 191689]",,"[472, 148935, 148949, 162294, 223654]","[161, 144910, 145328, 204837, 226818]","[168, 64335, 223652, 226826, 226837]",,"[101578, 223484]","[351, 64345, 191373, 210487]",[4464],"[137458, 158015, 180945]","[241, 2487, 4193, 64278, 154434, 204851]",,"[2384, 54315]","[64256, 137544, 145205, 181190]","[148574, 154086, 158039]","[3741, 226862]",,,[4560],,"[64564, 144217]","[148241, 154110, 180849, 223487, 226707]","[162279, 191706]","[4088, 269865]",,"[137482, 154436]","[2529, 4075, 53334, 54309, 220563, 220749]","[5773, 144025, 148552, 148565, 149033, 149181, 162430, 191794, 204912, 223586]","[145430, 167286]",,"[2253, 53576, 148583, 148611, 154004, 154074]","[890, 893, 1037, 1073, 1079, 1082, 149151, 270112]","[148257, 226882]","[3546, 53373, 137358, 162401, 226866]","[3471, 162364, 226498]"
"[311164, 328580, 399514, 533978, 1088017]","[115739, 555144]",,"[278705, 328748, 437486, 439324, 491092, 502205, 539289, 706998, 712588, 794391, 815474, 961445]","[110856, 442026, 479117, 556241, 882675]","[328820, 365164, 499949, 556282, 823566, 931168, 961306]","[278167, 479046, 774418]","[405560, 489213, 878625, 921653, 921665, 921692, 921749, 930950, 1090510]","[122160, 255299, 439231, 489592, 504446, 504644, 504644, 727642, 857488, 1090265]","[205651, 412228, 661844, 706979, 712349, 736126, 823481]","[440601, 440875, 499998, 499998, 661700, 700687, 779497, 931166]",,"[278592, 287517, 439452, 489240, 712682, 828772]","[255119, 365502, 508337, 700707, 845450]","[254994, 399559, 499784, 544600, 700774, 739171, 960129]","[74150, 205608, 423179, 440594, 502467, 739335, 1090725]",[774360],[499746],"[545457, 545619, 731380, 930822]",,"[489587, 496940, 531823]","[255258, 423272, 437651, 439304, 738970, 787496]","[774350, 794418, 1087155]","[497372, 706979]","[400272, 400320, 496983, 542008, 731269, 774423]","[110437, 328611, 399166, 399598, 541878, 611150, 712621, 845711]","[346362, 423349, 442164, 442188, 534127, 815327, 921651, 921693, 921747, 1090442]","[531598, 712477, 736254, 845563]","[227991, 496971, 539321, 541670, 555388, 727397]","[205708, 346139, 508357, 610873, 731262]",,"[73750, 115575, 205619, 399900, 423190, 442466, 497327, 500173, 508185]","[227707, 561611, 561614, 563803, 794557]","[442170, 442182, 442194, 442203, 442206, 442215, 442218]","[491041, 504539, 556237]","[205573, 319748, 319919, 346396, 423144, 499667, 500214, 504972, 539304, 555178, 815601, 1087736]","[319691, 442620, 541784, 555118]","[227924, 287292, 441997, 561599, 921682]","[115678, 311219, 399997, 439439, 504736, 545388]","[287194, 399857, 442062, 442176, 442200, 442212, 489354, 497128, 534268, 544559, 555903, 561566, 611167, 787799, 876305, 882918, 959986, 960306]","[366182, 437330, 921692]","[400311, 422950, 563886]","[110708, 122179, 442466, 489592]","[499606, 555137, 779635]","[437772, 497161, 539504, 787617]",,"[185733, 278704, 399233, 479224, 545292]","[254963, 311056, 561865, 876582, 960064, 1087854]","[479244, 794377]",,"[110439, 254998, 311182, 311315, 346198, 504588, 504588, 815205, 961419]","[148438, 400181, 481826, 481847, 539261, 539264, 564097, 611055, 882916, 921413, 921503]","[148343, 205317, 311032, 412526, 412532, 439261, 502301, 504190, 504572, 504572, 545495, 555168, 555229, 555352, 555990, 555994, 661642, 712527, 815387, 815506, 878690, 930941, 961335]","[227992, 502146, 504943, 921649]",[857610],"[365592, 442167, 442191, 442203, 442233, 495717, 542028, 787795, 878982, 921414, 1087595]","[442061, 442163, 442187, 442442, 479069, 481620, 481914, 489286, 508440, 1087140]","[110725, 148296, 185533, 205451, 531423, 731343, 731368]","[311307, 405411, 405503]","[110485, 148185, 423355, 497375, 727584]"
"[108505, 467079, 559468]",[388950],,"[76171, 105809, 121600, 554627]","[121537, 555207]","[116214, 358410, 381738, 475921, 475925]","[108737, 109141, 554165, 555406]","[635, 119543, 451947, 452025, 475703, 561963]","[520, 105882, 119761, 146008, 213135, 358567, 562276]","[213514, 358610]","[75936, 562334]",[1010],[466884],"[850, 134325, 146014, 381666, 555289]","[905, 35532, 109049, 527072]","[562181, 562181]",,,"[116327, 127062, 504914]",,,"[381807, 557505]",[389046],"[119578, 120401, 381810, 554519, 556757, 562388]",[75850],"[116340, 237734, 386120, 554535]","[75739, 555494, 561895]","[236, 119618, 467081, 554254]","[919, 116326, 386088, 466848]","[926, 35276, 35688, 62599, 237733, 467071]",,"[76427, 475518, 526670, 526940]","[1109, 116392, 381581, 385823, 386108]",[120222],[146001],"[999, 105859, 108808, 109149, 109287, 109287, 109667, 134180, 451869, 475975, 559187]","[62908, 105551, 105853, 116207, 146600, 466904]","[625, 75764, 385844, 385913, 386021, 557420, 557659]","[35337, 35400, 75590, 385846, 386104]","[75541, 145776, 557843]",,"[236, 557610]",,"[35419, 385925, 386033]",,[134118],[452070],"[116372, 127092, 146199, 555483, 559305]",,"[126894, 127170, 466789]","[146354, 237978]","[35419, 75759, 105950, 121517, 475534, 504988]","[105916, 120157, 386157, 557812]",,"[147902, 213150, 562280]","[116308, 475825, 559046]","[35429, 120390, 120481, 213158, 451948, 505007]","[146002, 556969]",,[109016]
"[424471, 652633]","[423166, 618091]",,"[7990, 355222, 374305, 382352, 397006, 424687, 431128, 475992]","[6108, 122036, 197546, 374561, 374653, 430634, 532043]",[354478],"[4305, 76265, 355197, 423061]","[1908, 1944, 1980, 122042, 227737, 227981, 396723, 652317]","[3442, 3444, 6273, 197338, 441019]","[354454, 378359, 454350, 517630, 538597, 663946]","[6485, 433414, 437225, 453436]","[1028, 437988]","[139582, 228150, 374555, 433331, 437529, 438599]","[354300, 438561, 524162, 541768]","[374447, 453538]","[438745, 438745, 440954, 617916]",,,"[116001, 541596]",[454047],,"[234012, 517987]","[437475, 475058]","[6123, 355532, 378288]","[122207, 349430, 397008, 538633, 663942, 663949]","[1631, 116164, 121866, 437795, 652418]","[8069, 382605, 430680, 439021, 476304, 608787]","[261, 1248, 541309, 618013]","[378533, 438716, 438716, 441003, 476024]","[531895, 652413]","[1942, 438925, 608784]","[396811, 415065, 433219, 618004, 745402]","[1127, 74618, 139333, 475030, 476269, 608779, 608788]",,[423005],"[1017, 3604, 6477, 396672, 474677, 476007]","[453388, 745341]","[3501, 115763, 416076, 543084, 617941]","[382393, 652253]","[1859, 374373, 396697, 415191, 422784, 436256, 436273, 437929, 438991, 523900, 652477, 701990]","[74728, 531815]","[261, 349095, 663934]","[233951, 355183]","[1653, 422913, 454333, 524122]","[355624, 517801, 664089]","[7836, 349103, 541323, 652461]","[122062, 617921, 617935]","[531879, 608770, 663946]","[4033, 6372, 391232, 430984, 431213]","[416095, 538361, 538484, 542992]","[391191, 415855, 474868, 664151]","[3646, 6359, 197144, 438322, 475964, 475967, 542789, 617848, 652299]","[343, 59046, 227960, 378513, 382256, 391229, 396707, 396714, 415911, 424708, 430918, 436088, 438030, 441174, 523990, 531945, 538389]","[430840, 663972]","[437283, 438000, 531820]","[3370, 349406, 382554, 431101, 436247, 608579, 652570]","[1681, 1717, 1747, 1783, 1819, 1825, 1855, 1993, 2002, 2005, 2035, 349361, 436223, 438892, 453107, 453393, 608721]","[122078, 436186, 437421]",[355407],"[7709, 139381, 139720]"
"[334632, 445287, 445287, 513487]",,,"[1027, 46546, 46771, 141124, 617498]","[106526, 162542, 440136, 445076, 491074]","[162317, 440157, 440217, 520341]",[162450],"[259342, 259462, 283930, 283933, 432615, 445121, 445121, 552089]","[283224, 364787, 432563, 617796, 617796]","[302994, 379679, 578920]","[105000, 159333, 432510, 440539, 445402]",[106668],"[127, 162536, 302977, 379767, 445068, 445404, 618055]","[364626, 555424]","[104267, 513355]","[84205, 438200, 458644]","[219906, 517999]",,"[109743, 308233, 520295, 617882, 617882, 618066]","[163661, 163664, 163670]","[74413, 283288]","[188, 106404, 106711, 326744, 555363]","[219896, 432891, 517989, 578883]","[102983, 313551, 520360, 666511]","[491045, 518105]","[104791, 259257, 259281, 259290, 326443, 441878, 520167]","[74843, 104769, 104775, 104781, 445495]","[518106, 518107, 552133]","[441987, 520516]","[259173, 259262, 302785, 441826, 518073, 518109, 617551, 617630]","[103131, 104787, 259355, 259460, 284240]","[158931, 282829, 307990]","[74498, 104381, 104891, 219871]","[158916, 432846, 513312]",[579113],"[109596, 140888, 141264, 162355, 334612, 438330, 440240, 444484, 458609]",[666344],"[74873, 102942, 104882, 140850, 283932, 334723, 520188]","[334746, 520263]","[162598, 219868, 284354, 379987, 438523, 441896, 555707]","[617863, 617863]","[84298, 491044]","[162578, 490980, 517764]","[172, 163665, 259420, 334435]",[104929],"[74839, 104792, 555757]","[104360, 104723, 364794, 440265]","[219814, 259284, 283256, 326735, 617594]",,,"[438360, 579135]","[163656, 163662, 163665, 163668, 259363, 284227, 334729, 441921, 444920, 445451]","[46885, 106429, 140993, 158902, 162304, 162392, 219732, 283290, 283905, 284334, 313368, 313381, 379894, 440573, 513312, 555449]","[74819, 102918, 438336]",[283040],"[101646, 101745, 203096, 283182, 284140, 284348, 313458, 379893, 618123]","[102864, 163663, 163666, 618100, 666679]","[364586, 578916]","[259430, 283932]","[749, 749]"
"[374482, 605493, 638489, 638536, 784446, 963011, 1030180]","[329447, 427046, 857188, 899357]","[472648, 482228, 485880, 953055, 953081]","[47784, 86909, 87240, 163951, 202059, 214959, 218305, 218305, 370579, 445112, 481848, 541054, 541054, 638131, 781219, 820255, 838536, 930854, 931128, 931128, 1072021, 1073404]","[10321, 147430, 370740, 401489, 898817, 1067227]","[87218, 146045, 262783, 628632, 875585, 899150, 1029821]","[161606, 166400, 402667]","[667, 6310, 7529, 7565, 147562, 158120, 160476, 164418, 165206, 197180, 232824, 243223, 243253, 243289, 254898, 280810, 280908, 282305, 287416, 374537, 401822, 448692, 540815, 781161, 806705, 806753, 810856, 1065313, 1071151, 1073335, 1077814]","[559, 6195, 8823, 8825, 10491, 47924, 151445, 159837, 162043, 165334, 232542, 243798, 366507, 403298, 403586, 486674, 541365, 605605, 656959, 784599, 797105, 814186, 814405, 818727, 898877, 899470, 1064177, 1070906, 1071464, 1073426, 1078127]","[108820, 146161, 163914, 281102, 374143, 657173, 818671, 820037, 1018305]","[10692, 147694, 147694, 147802, 281074, 283422, 329434, 370537, 472660, 482240, 485892, 486656, 490252, 708823, 784220, 806515, 810914, 818543, 856362, 856457, 898477, 1070754, 1071522]","[9007, 951342]","[11418, 86886, 151535, 162866, 402687, 403184, 523149, 687693, 781361, 784254, 797090, 818652, 875610, 1067172, 1067391]","[882, 92544, 92552, 161769, 164402, 499321, 781310, 875207]","[937, 48136, 199595, 329608, 401701, 449526, 734851, 1070694, 1073558]","[92545, 403308, 628290, 628471, 732087, 784592, 1071369, 1071369, 1078032]","[232561, 1052102]",[1073643],"[147697, 147697, 147781, 148666, 157880, 162082, 218077, 473094, 486326, 820346, 875580]","[369908, 369911]","[712419, 797391]","[9113, 146156, 159844, 263630, 282186, 814193, 1072200]","[148696, 163037, 197045, 262556, 489537, 875528, 1064952, 1067408, 1067493, 1070347, 1074459]","[7244, 10336, 161831, 472631, 482211, 485863, 819994, 1064931, 1071576]","[86831, 86860, 1064288]","[7288, 108961, 263764, 283522, 370497, 370830, 712650, 797206, 951474]","[158231, 161504, 243209, 243224, 243227, 243248, 243251, 280805, 329712, 329721, 329727, 329730, 329733, 329736, 329739, 329742, 329745, 374466, 541020, 654663, 806748, 806754, 806757, 806763, 806769, 953047, 953530, 1029637, 1071083, 1077746]","[274, 5911, 5911, 165507, 374270, 449941, 731882, 784199, 793832, 806843, 810908]","[951, 10600, 445076, 472431, 482011, 485663, 489315, 734974, 931146, 931146, 1063949]","[958, 2423, 47880, 86841, 370508, 449949, 931215, 1018097, 1018174]","[263742, 263763, 329724, 329730, 329736, 806730, 1076333, 1076441, 1076513, 1076549, 1076585, 1076588]","[92403, 151580, 158130, 166440, 198323, 198348, 218048, 287426, 329535, 402642, 403322, 605175, 628482, 656870, 732175, 820124, 975888]","[215040, 254742, 262869, 283541, 654628, 856547, 951454, 951976, 1076307, 1076415, 1076520, 1076556, 1076595]","[263916, 263919, 806775, 810774, 810819, 875240]","[158175, 160814, 403220, 638349]","[8985, 10684, 86905, 167780, 168179, 348539, 523213, 605552, 605570, 638112, 730220, 732270, 953297, 1068377]","[403772, 797103]","[657, 6300, 8882, 167074, 232791, 403774, 441144, 446996, 732112, 806704, 806749, 806752, 951622, 1072115, 1072344]","[2584, 47941, 48004, 163796, 196953, 446917, 814115, 976041]","[2454, 148745, 158065, 160453, 167070, 198325, 287678, 370600, 374325, 401790, 478516, 628693, 708771, 712573, 784424, 806769, 898447, 953555, 976132, 1072529]","[10238, 166927, 167010, 167046, 287580, 369951, 931389]","[274, 5911, 5911, 329378, 441354, 449593, 449683, 732186, 1072295]","[92361, 280925, 366051, 374367, 448799, 734651, 1029875, 1067454, 1067528]","[7310, 10576, 97353, 159463, 161163, 366142, 369708, 369747, 472314, 485546, 489198, 795833, 819814, 838536, 838587, 953408, 963043]","[160688, 164003, 218516, 793853, 899365, 1073608]","[490136, 523244, 731896]","[147868, 160821, 281054, 403213, 732092, 732106, 818835, 838377, 930779]","[163646, 215102, 282030, 329734, 820165, 951969, 1064282, 1068495]","[124, 10580, 97276, 145696, 157894, 163043, 166359, 1076217]","[162175, 445202, 1064334]","[87097, 329582, 449975, 456529, 499688, 657157, 712633, 793852, 951709, 975979]","[2819, 8354, 9027, 48023, 97353, 108576, 166845, 263870, 283484, 348723, 369708, 369711, 403067, 441129, 472974, 478231, 486206, 793824, 962941, 1076311, 1076419, 1076521, 1076557, 1076602]","[145685, 145710, 147572, 147758, 147758, 166489, 167096, 167922, 232356, 283455, 369554, 445462, 448604, 489555, 499499, 781407, 794200, 819866, 820103, 953590, 975842, 1018048, 1029795, 1029808, 1072497]","[11387, 160506, 243318, 280806, 283357, 708720, 806908]","[145816, 147408, 161584, 478644, 820333, 856484, 952312, 1018436, 1070180, 1071468, 1073689, 1078131]","[146543, 151235, 164189, 167008, 243236, 254598, 369746, 499299, 796949, 806763, 953088, 1029567, 1052144, 1068236, 1070623]","[7332, 7338, 7359, 7362, 7368, 7374, 7395, 7398, 7404, 7407, 7410, 7446, 7482, 7542, 7578, 7584, 7587, 48033, 96946, 97279, 97282, 147495, 151552, 163651, 281986, 282175, 366163, 369790, 369814, 369835, 369838, 441172, 541055, 541055, 638310, 795846, 810633, 838294, 1065100, 1074444]","[47829, 161588, 199734, 499395, 820121, 1065139, 1072055]","[48039, 158072, 160475, 478418, 856427]","[167216, 445008, 540890]"
"[290798, 363241, 586483]","[196125, 201466, 223390, 273263, 276926, 352252]",[500008],"[273212, 375922, 504793]","[4662, 131880, 463653, 572741, 747819, 747947]","[131979, 183737, 183769, 183982, 226758, 268090, 463435, 633499]","[201449, 838013]","[651, 272381, 272970, 572877, 808288]","[536, 4832, 183838, 321172, 480471, 768394]",,"[298552, 420390, 651778, 753418]","[626057, 808329]","[131874, 159337, 747941, 888639]","[168851, 272518, 837984]",[552825],"[168994, 201595, 504982]",,[420537],"[273133, 277525, 499797, 625739, 632712, 887840]",,,"[131736, 159744]","[68070, 198926, 361311, 652018]","[4677, 480796]","[226741, 420826, 552921, 625708]","[131627, 290829, 290910, 511520, 632620]","[652690, 768243, 888032]","[252, 252, 168563, 888513, 888531]","[4941, 298864, 511332]","[159710, 159735, 168890, 511330, 511525, 626444, 652533]",[272373],"[252286, 352499, 372636, 379190, 504993, 632717, 652874]","[198898, 199030, 272277, 361012, 372553, 376710, 761995, 888540, 888865]","[5317, 277658, 633936]",[198198],"[198545, 277839, 372520, 376285, 376285, 379444, 420508, 504947, 550767, 586607]","[162104, 586543]","[641, 162403, 195954, 198245, 226674, 372407, 372559, 761998, 888163]","[2460, 201549, 226576, 272205, 463803, 550439, 888524, 888536]","[67764, 159571, 164007, 277655, 277676, 321128, 499652, 652480]","[4579, 23878, 633947]","[252, 252, 131635, 183692, 226732, 226745, 226746, 290857, 352370, 511581, 626598, 838102]",,"[4917, 147127, 272334, 480896]","[198277, 480536]","[163810, 168577, 632645]","[162427, 168967, 480640, 552585, 552585, 626276]","[159494, 290606, 361080, 838097]","[4921, 68102, 168979, 226696, 463385, 463660, 652767, 768472]","[24001, 196172, 372628, 838046]","[198736, 291006, 420535]","[2695, 23853, 131938, 163372, 198356, 198542, 480596, 480599, 511344, 552306]","[201409, 259408, 363159, 573118, 633925, 633948, 762075]","[5621, 277701, 511692, 632397]","[24016, 223149]","[147327, 226666, 572786, 586695, 626071, 633933, 753501]","[163763, 252418, 277654, 550515, 887921]","[146861, 168913, 252280, 273184, 352297, 651888]","[360909, 376607]","[463528, 586695, 768621]"
"[443906, 726173]",[252980],,"[26704, 26818, 494306, 506325, 625018, 756214, 757131, 757594]","[25674, 96452, 500827, 628911, 715942]","[61905, 374957, 442849, 575550, 628806, 655410]","[3934, 89451, 560805]","[558, 558, 1777, 282694, 282970, 576750, 628586, 632811]","[443, 443, 25097, 96305, 569773, 570068, 722384]","[96159, 104783, 174509, 546881, 628498, 726378]","[1307, 63611, 502444, 586433, 756889]",[576656],"[25538, 443795, 502390, 716311]","[773, 252610, 502522, 547098, 568119]","[828, 576875, 602361]","[253586, 375081, 415133, 443093, 547091, 568112, 628902]",[569898],[89376],"[502445, 577491, 586003]",,,"[24872, 25605, 331928]","[332275, 502525]","[1492, 282954, 502906]","[415049, 415063, 415066, 415077, 415082, 576638, 576656, 655257]","[1536, 506053, 506412]",,"[162, 89309, 89310, 415050, 415067, 547009, 568245]","[842, 632464]","[849, 25265, 25510, 252685, 415056, 415073, 443127, 502888, 577250, 715918]","[252590, 252698, 626214]","[26568, 174632, 332295, 443104, 521339, 624657]","[25693, 25726, 25861, 252720, 283109, 283112, 414953, 632469, 722431, 755538, 757331]",,[560854],"[26555, 63304, 174392, 331904, 332000, 443058, 502699, 521373, 547320, 624728, 625014, 757360]",,"[548, 548, 174552, 253647]","[25206, 25209, 252771, 500607, 502505, 576920]","[24870, 96556, 174726, 253604, 303313, 502248, 523218, 586359, 628488, 715952]",[375131],"[162, 89308, 102790, 174682, 415051, 415056, 415068, 415081]",,"[1558, 26917, 253324, 625217]","[586012, 626036]",[502726],[726255],"[332155, 502560, 502560, 521333, 632020]","[3662, 63325, 755975]",[443615],"[63645, 521564, 756116]","[2602, 25912, 63869, 96217, 230278, 252622, 253324, 282844, 332236, 521370, 575723, 576867, 625217, 757288]","[89702, 174733, 230011, 230288, 494175, 757118]",[6722],"[560869, 624789]","[96218, 414812, 569844, 624785, 628584, 716213, 755813, 755813, 757396]","[1580, 1586, 1607, 1610, 1616, 1622, 1643, 1646, 1652, 1655, 1658, 1694, 1730, 63819, 63858, 89340, 576730]",,"[575738, 722693]","[26874, 252830, 561016]"
"[723, 506309, 976300]","[673, 253218, 329399, 445381, 779524, 1084087]","[31034, 31073, 31214, 724591, 724618]","[366, 329363, 780939, 1086369, 1086369, 1088855]","[92516, 226784, 333464, 438444]","[81220, 228587, 274608, 301282, 334449, 620981, 663630, 759533, 1083674, 1083976]","[325517, 326656]","[30710, 30767, 254503, 254554, 282134, 321515, 322038, 324497, 407757, 620097, 724588, 883954, 1086300]","[110552, 663992, 722161, 779246, 1028328, 1083818, 1086391, 1086391, 1090534, 1091092]","[325652, 354274, 620207, 832286, 854420, 976610, 1086282]","[93436, 620609, 622464, 623262, 832301, 900443, 900498, 1090382, 1091150]",[883697],"[30548, 110909, 354126]","[274638, 288248, 301101, 321945, 354289, 464454]","[30709, 159774, 623295, 724663, 1086523, 1090322]","[600, 301019, 301094, 334333, 354260, 464447, 867797, 980680, 1090997]",,[1086608],"[407946, 663629, 678108, 832573, 1088931]","[159840, 724640]",,"[253398, 329885, 1083726, 1085165]","[120298, 301221, 328742, 328742, 328967]","[438738, 797247, 867675, 1091204]","[464555, 506308, 594172]","[329150, 329150, 487320, 506364, 1085987]","[110841, 254537, 254552, 281966, 328860, 620554, 624040, 1083684]",[464545],"[502, 354225, 464268]","[324173, 329156, 329156]","[254522, 254525, 1089298, 1089406, 1089478, 1089514, 1089550, 1089553]","[340266, 620272, 663610]","[111190, 120270, 622550, 724799, 976375, 1089272, 1089380, 1089485, 1089521]","[254549, 254555, 334212, 408147, 722054]","[329293, 678462]","[111237, 113595, 119917, 228225, 438453, 663922, 797262, 1086022]","[321712, 321712, 326896, 1083912, 1083966]","[30529, 253432, 254526, 594259, 900604, 1028382, 1085080, 1085309]","[759210, 867596, 1028381]","[31023, 31242, 110462, 111158, 113931, 253100, 254543, 274744, 324613, 325716, 329035, 621226, 622361, 678227, 722111, 1028160, 1085494, 1086035]","[328838, 1090498]","[110198, 778523, 779410, 1085260]","[796882, 980571]","[328352, 724229]","[111094, 407945, 778597, 900649, 1086573]","[254362, 594144, 797109]","[81129, 321293, 621324, 724502, 778922]",[623811],[1089182],"[487248, 721782]","[93470, 120108, 621422]","[93679, 93694, 93832, 119914, 159820, 282058, 333257, 445564, 724551, 1089276, 1089384, 1089486, 1089522]","[28710, 31327, 92450, 110386, 110502, 110565, 113717, 226503, 326948, 328714, 328714, 334291, 867623, 867810, 867822, 976567, 1085462]","[28744, 331452, 445700]","[81278, 445637, 832591, 883658, 1028450, 1086654, 1091096]","[28914, 110327, 110504, 110920, 254387, 321378, 325669, 326958, 328824, 329026, 445331, 445475, 621059, 797219, 867771, 883937, 976590, 1090251]","[28937, 29012, 29162, 30338, 31241, 93644, 93683, 110814, 110817, 110820, 110823, 226478, 274619, 282071, 438826, 620682, 620746, 722053, 724074, 724531, 1088697]","[329466, 329466, 438411, 1083909, 1085020]","[329115, 329793, 723464, 724537, 976617, 1088553]","[789, 30786, 31386, 326962, 464417]"
[147992],[152246],,"[314, 1024, 73372, 73681, 166113]",[151715],"[73319, 138968, 139390, 151537]",[70494],[142797],"[139917, 162940]",[182763],,,[151668],"[139148, 139156]",,"[139088, 139149, 181228]",,,[149674],,,"[147713, 159541]","[147911, 166268]",,[152097],[72984],[142801],[166044],"[384, 449, 139884, 166506, 181250, 181253]","[70696, 139726, 152101, 181251]",[72929],"[147650, 159800, 181239]","[140096, 164251]",[142759],,[139066],[1104],"[139997, 142874]",[163013],"[142753, 142756, 152024, 162780]",,[162284],,"[142727, 151564, 159620, 206498]",[139050],"[142620, 166058]","[142668, 149577, 152372]","[159857, 164319]",,,"[70611, 149631]","[1192, 72778, 139991, 142746, 149570, 162495]","[70623, 70880, 152028]",,[162908],"[142747, 142750, 142789, 151566]","[70714, 73493, 139677, 139770]","[142832, 147578]","[70829, 162682, 162682, 164148, 206505]",[1353]
"[5222, 7099, 56009, 550446, 551679, 554000, 561310, 622779, 689515, 945019]","[113065, 173607, 731527]",,"[59980, 112733, 136516, 572464, 694045, 694066, 744106, 810513, 847944, 860361, 945588]","[303996, 339018, 558832, 572098, 642561, 689399]","[110922, 110922, 551166, 555971, 654849, 719213]","[3843, 7510, 561250]","[467, 113060, 173620, 572357, 642876, 701229, 823351, 947620]","[352, 551814, 551814, 552081, 719319, 769170, 807344, 857077, 860590]","[109099, 377427, 769463, 856689, 880530]","[56106, 75737, 112824, 552201, 558356, 558761]","[842, 3164]","[113176, 551219, 701270, 860546]","[7497, 136268, 303652, 572357, 642684, 880545]","[737, 5201, 7235, 136143, 303871, 550322, 819578]","[108926, 693661, 769234, 947835]","[856913, 880327]",[7072],"[173391, 282674, 282779, 550297]",,[701454],"[3270, 136407, 821817, 943059]","[56089, 75660, 173328, 823274, 856903]",[731523],"[405073, 558039, 819656]","[55967, 210033, 377470, 744068, 943887]","[109060, 110932, 110932, 848256, 945071, 947552]","[71, 1062, 775583, 856817]","[751, 60012, 173688, 377153, 555961, 847976, 860220]","[758, 377309, 377426, 561672, 719107, 821611, 821892, 821896, 821911, 860280]","[110689, 654773, 701347, 946139, 946211, 946247, 946427, 946430]","[210426, 551638, 560120]","[941, 7366, 108998, 173238, 339056, 551524, 551524, 554022, 560142, 701435, 848221, 946218, 946254, 946362, 946437, 946470]",,"[173366, 210314]","[831, 3142, 59995, 75811, 108926, 405088, 435719, 554320, 622469, 689780, 693991, 810883, 847959, 943922, 944738, 945231]",,"[457, 3039, 109238, 173637, 280974, 338724, 433739, 555798, 689679, 693911, 693911, 701420, 942974, 943213]","[108994, 282795, 807417, 819747, 943822]","[111304, 282844, 283093, 304000, 338637, 433524, 550164, 581872, 807184, 823274, 943393, 943935]","[56145, 572498]","[71, 810752]","[111161, 551770, 551770]","[56130, 75746, 109031, 550107, 554286, 581911, 945179]","[377555, 551935, 622667]","[572066, 810458]",[561263],"[433492, 560393, 572320, 719359, 821900, 860430, 880367, 944856]",[552213],[555873],"[110883, 136147, 405484, 821795, 945030]","[3184, 59952, 59955, 109040, 110655, 110850, 112869, 174423, 174459, 282886, 407236, 693479, 847916, 847919, 946219, 946444]","[303674, 338815, 377284, 377284, 377669, 550170, 718957, 719048, 821654, 860472, 943361]",,[807312],"[109042, 110806, 110905, 338803]","[75708, 548656, 701350, 945430]","[823065, 860165]","[5367, 108953, 377615, 558838, 561623, 775840, 807086, 945286]","[5292, 7165, 303685, 377218, 622694, 946555]"
