,filter_0,filter_1,filter_2,filter_3,filter_4,filter_5,filter_6,filter_7,filter_8,filter_9,filter_10,filter_11,filter_12,filter_13,filter_14,filter_15,filter_16,filter_17,filter_18,filter_19,filter_20,filter_21,filter_22,filter_23,filter_24,filter_25,filter_26,filter_27,filter_28,filter_29,filter_30,filter_31,filter_32,filter_33,filter_34,filter_35,filter_36,filter_37,filter_38,filter_39,filter_40,filter_41,filter_42,filter_43,filter_44,filter_45,filter_46,filter_47,filter_48,filter_49,filter_50,filter_51,filter_52,filter_53,filter_54,filter_55,filter_56,filter_57,filter_58,filter_59
chromosome=IV,"[331241, 1531130, 117505, 407534, 770257, 950132, 1527110]","[83757, 455607, 492045, 564553, 1527974, 135031, 322057, 322096, 392358, 407492, 416863, 432019, 432046, 950382, 955433, 1087127, 1233799, 1451115]","[447755, 447755, 449747, 453664, 521056, 884565, 884568, 884569, 884570, 980884, 1354993, 1354997, 1360853, 1461827, 42501, 76724, 106900, 126527, 126529, 126533, 126534, 126535, 132164, 159058, 217315, 302995, 303005, 331049, 411719, 447755, 449747, 452851, 521056, 628641, 628649, 630824, 681731, 770119, 884565, 884568, 884569, 884570, 892690, 892694, 909640, 909720, 909722, 911328, 927330, 950217, 980884, 1022814, 1087025, 1135607, 1234068, 1269701, 1345195, 1428999, 1490444]","[172401, 303085, 644001, 1166568, 1214085, 1496924, 1528808]","[230417, 230429, 230435, 230438, 230447, 230450, 230453, 309239, 322962, 434095, 1239708, 1239711, 1239714, 1239729, 1239738, 1239741, 1239747, 1243368, 1530613, 1530613, 630656, 630659, 866734, 866875, 1049962, 1056070, 1056073, 1056076, 1056079, 1527158]","[94150, 1267001]","[440647, 568739, 802550, 946544, 988743, 1075627, 1175703, 77165, 98462, 227295, 227302, 314959, 357475, 568739, 620270, 765515, 979634, 1016020, 1075627, 1087409, 1157470, 1165473, 1194922, 1239067, 1468835, 1502520, 1526920]","[526074, 988325, 1243502, 94057, 158893, 302992, 314974, 970094, 1229807]","[410212, 447578, 555759, 981017, 1237067, 1245072, 76844, 156178, 229731, 410212, 447578, 812008, 981017, 1166562, 1239149, 1490214, 1494072, 1522835]","[331364, 449843, 453128, 721239, 449843, 461450, 591664, 950561]","[309346, 526151, 564573, 1237277, 1257224, 77071, 148133, 308021, 357038, 417174, 616445, 769298, 1239102, 1257224, 1345522, 1493856]","[45633, 322883, 410577, 410592, 444850, 453248, 453832, 472626, 1302062, 1524639, 1529068, 1529911, 1531883, 135025, 205627, 205690, 205732, 205816, 213103, 217496, 358245, 512487, 521286, 953976, 1162335, 1183137, 1345639, 1429276, 1494203, 1524639, 1531883]","[541652, 541655, 1529399, 308135, 628765, 1162091, 1279817]","[230542, 42504, 172288, 234194, 330888, 628652, 811875, 911353, 970017]","[117744, 440503, 446647, 413495, 452615, 769337, 1080796, 1087185]","[929596, 13868, 147716, 366388, 562833, 769346, 1166417]","[309028, 1329685, 205932, 866559, 974355, 1166570, 1238979, 1507505]","[323117, 340493, 340596, 446479, 449629, 455212, 492368, 492368, 520867, 541300, 946145, 1270015, 1305932, 1461730, 115945, 158801, 226929, 331033, 449629, 471745, 520867, 820964, 892759, 946145, 979579, 1022652, 1087375, 1233761, 1270015, 1490358]","[309453, 356550, 449762, 541424, 1095288, 42479, 74169, 76758, 98209, 158919, 407655, 449762, 538803, 600140, 600492, 867960, 1049821, 1049821, 1084961, 1095288, 1157254, 1189742, 1502178, 1528714]","[240136, 264487, 538744, 600510, 1012063, 1196604, 1359551, 1494046, 1494227]","[456565, 213026, 308283, 1355823, 1522782, 1528723]","[456578, 881484, 411564, 543852, 1189567, 1420702, 1507377, 1522686]","[1526353, 172315, 303131, 321756, 330829, 593425, 927271, 1080748, 1434517]","[447598, 62081, 217521, 264175, 447598]","[556162, 147860, 212859, 212888, 506423, 579377, 601743, 644309]","[1075369, 1531862, 1075369, 1166520, 1531862]","[359579, 465359, 492031, 521072, 564784, 881914, 946459, 988498, 992899, 992954, 1175831, 1239500, 1301993, 1402540, 107226, 213021, 359579, 407630, 463369, 465359, 471788, 491338, 521072, 630985, 657675, 755408, 770153, 867799, 950253, 992899, 992954, 1229433, 1278829, 1434343, 1490456]","[45170, 492576, 1239712, 1056074, 1056080]","[447782, 447782, 1530515, 447782]","[83490, 488998, 492602, 521049, 564419, 564826, 768901, 1301845, 1489434, 76739, 83490, 135075, 361627, 488998, 506187, 521049, 601864, 894171, 1420858]","[356756, 916020, 1243098, 444472]","[309345, 492157, 580441, 1151049, 1245073, 1450060, 1529709, 98413, 130662, 132263, 147877, 341515, 616649, 628622, 836199, 894296, 911295, 1151049, 1459821, 1523085]","[988715, 1243395, 222032, 228835, 544216, 579196, 601744, 631035, 680081, 769855, 1084667, 1157475, 1183101, 1476733]","[946374, 1531388, 432185, 593542, 806421, 806441, 1016297, 1050367, 1267043, 1385691]","[230576, 446563, 619943, 981110, 981201, 988304, 1352674, 42276, 147693, 240119, 240199, 378803, 471840, 521265, 538752, 619943, 652347, 652637, 806520, 892663, 974470, 981110, 981201, 1086976, 1239041, 1239043]","[309020, 721216, 768507, 768683, 1075304, 1239579, 1270284, 1489694, 77128, 148134, 205669, 378714, 432175, 544452, 636358, 652545, 769278, 769935, 812024, 894168, 927068, 1013831, 1016296, 1075304, 1278945, 1525857, 1526998]","[118317, 218167, 1150750, 1150750, 1183127]","[564485, 1352494, 1530593, 1530593, 10334, 156168, 307934, 769279, 911721, 1267045]","[1017224, 1531291, 322087, 366229, 392780, 593432, 636218, 836015, 866557, 1017224, 1278891, 1279490, 1385967]","[359537, 1489383, 240145, 359537, 444483, 444487, 569172, 575835, 681983, 806515, 974321, 1434695]","[331324, 332020, 1239468, 228829, 234508, 331017, 643923, 868057, 1239020, 1494058]","[1527269, 130809, 909766]","[229929, 331515, 356780, 437681, 454781, 992624, 229929, 357425, 437681, 506222, 866730, 927141, 974214, 1267205, 1496807]","[980993, 1530751, 213027, 657610, 765221, 980993, 1056413, 1468641]","[1150794, 1450188, 579239, 974236, 979511, 1084974, 1150794, 1362398]","[331255, 359644, 526163, 721326, 929683, 980966, 1257060, 1403269, 1527645, 1527645, 1530050, 126349, 134867, 148145, 359644, 361351, 411356, 463158, 550970, 682118, 690786, 721799, 866884, 980966, 1156534, 1257060, 1278805, 1345415, 1359764, 1522782, 1528446]","[132793, 411513, 591933, 636295, 690645, 926991, 927028, 1234054, 1476989, 1502580]","[83770, 519865, 1098203, 134801, 172306, 234621, 314865, 358395, 519865, 755195, 911413, 927323, 954034, 1016395]","[331392, 331464, 1489610, 1529185, 148148, 264093, 366244]","[410619, 83311, 644080, 1229805, 1450843]","[307293, 410219, 455074, 1257065, 1352340, 94397, 410219, 431968, 616303, 769921, 930662, 1189573, 1257065]","[446848, 881473, 946412, 946554, 1150689, 1175914, 1270138, 1525615, 1525676, 74184, 156012, 357420, 378356, 378650, 546099, 806104, 1150689, 1162210, 1196544, 1278999, 1429020, 1450873, 1502442, 1525615, 1525676]","[230406, 230412, 230415, 492269, 492269, 1239694, 1239697, 1239700, 1239709, 1239715, 74114, 330868, 601748, 1056065, 1056068, 1056071, 1056074, 1056077, 1056080, 1056086]","[230411, 230423, 230429, 230432, 322782, 492268, 492268, 1239696, 1239708, 1239717, 1239723, 1239729, 1530077, 1531150, 1531306, 94300, 331072, 461378, 542396, 769885, 866788, 866843, 1056070, 1056079, 1056085, 1527149]","[440442, 929913, 1239584, 693446, 765436, 1080612, 1156283, 1239136]","[434305, 768684, 1402964, 303070, 699458, 769800, 1011833, 1056058, 1236379]","[1270117, 1301962, 217293, 264388, 576190, 653282, 894179, 1496862]","[1329654, 1329705, 1489443, 1489761, 62257, 134973, 148149, 866804, 866873, 866876, 1279643]","[156276, 314896, 452887, 721716, 751487, 930610, 1527069]","[580348, 881774, 988493, 1099084, 1201860, 1239445, 693549, 1049919, 1049919, 1166416, 1201860]"
chromosome=IX,"[351172, 18853]","[255337, 324329, 336375, 384196, 415725, 415995]","[69566, 248937, 370641, 76000, 76005, 102524, 142691, 241186, 241190, 241191, 241277, 249413, 388363]","[174920, 142037, 174920]","[255658, 132058]","[317741, 382539]","[9247, 21975, 188016, 386672]","[197463, 370606, 19210, 207633, 415670]","[6651, 268054, 291949, 386633, 433486]","[231771, 317620, 3416, 388662]","[231781, 207628]","[4934, 256431, 355355, 365272, 438719, 439082, 76293, 102673, 138598, 216036, 270864]","[365999, 9362, 76458, 187744, 242162]","[3080, 231621, 93535, 141935, 270728]","[141880, 270806]",[350177],"[300345, 216236, 268188]","[1439, 255967, 255983, 242157]","[183638, 317570, 247741, 292018, 355787, 355841]","[69539, 394940, 4066, 177494, 187614, 292226, 388567, 394940]","[256046, 3264, 382276]","[32899, 93472, 216150, 389065]","[197623, 256287, 256287, 364041, 3978, 197623]","[325590, 41527]",[256612],"[317577, 139562]","[2812, 7930, 98614, 248955, 357559, 370613, 7930, 99648, 130150, 141967, 249431, 254180]","[365759, 3257]",,"[5018, 248769, 254192, 382315, 415721]",[177456],"[183497, 210690, 22139, 247691, 332746, 382414, 415804]","[300497, 317790]","[1951, 439616, 32831, 439616]","[197785, 7390, 41561, 197785, 247588, 270991, 388390, 433630]","[255683, 350400, 99726, 132016, 420666]",[139555],"[300256, 439054, 102459, 139257]",,"[177465, 177471, 177477, 415684]","[210845, 231724, 388371, 433512]",,"[292, 1103, 1279, 292, 240935, 292081, 415905, 420819]","[291923, 388225]",,"[355537, 365964, 254309, 258437]",[317604],"[197676, 370616, 187633, 197676, 258221]",[22143],"[21870, 247839]","[248889, 6849]","[234, 234, 33189, 388438]",,"[1938, 258191, 268246]","[255497, 242019, 332794]","[7956, 6584, 7956, 18887, 41870, 177642]",[380693],"[1553, 1726, 365545, 5282, 102394, 141929, 141955, 150343, 338232, 380571]","[355565, 364207, 177486]",
chromosome=VII,"[495446, 23507]","[346161, 542074, 544603, 823513, 845896, 1086938, 277233, 277424, 542074, 544603, 974255, 1069475]","[278775, 278777, 400265, 648469, 739243, 774412, 779703, 876452, 961462, 196580, 196584, 196609, 310907, 420772, 428250, 428251, 438812, 439000, 557888, 589542, 616161, 616163, 640608, 640613, 640614, 640615, 653214, 653220, 678045, 678049, 678053, 678055, 678057, 726545, 726549, 733102, 733104, 739243, 772043, 772047, 774412, 779703, 974209, 987348, 1010884, 1011789, 1011792, 1011793, 1011794, 1081030, 1081032, 1084882]","[490849, 857507, 1087691, 165124, 271754, 589535, 856774, 1052222]",,[516359],"[287291, 399420, 423043, 561595, 563861, 823347, 828957, 931148, 931210, 277447, 287291, 310732, 330891, 413277, 423043, 426835, 581530, 609826, 713450, 754075, 811125, 823945, 931148, 931210, 951794, 1063152, 1069483]","[437352, 441937, 735915, 230147, 437352, 823821, 1090792]","[561705, 661960, 739300, 107583, 166129, 208697, 398028, 478862, 649266, 661960, 739300]","[185695, 490814, 499808, 531576, 712640, 828706, 845740, 166137, 185695, 277080, 321551, 531576, 712640, 766234, 845740, 884254]","[442211, 442430, 426901, 440080, 653962, 807902, 951478]","[278186, 287584, 311248, 319952, 366353, 442145, 442214, 442217, 442232, 481749, 497130, 499670, 500301, 882651, 1087804, 1087951, 149181, 228656, 229981, 319952, 366353, 438720, 472460, 534817, 581618, 616025, 654032, 739649, 771890, 771920, 914855, 974170, 1090763]","[73685, 479178, 931201, 73685, 208547, 483422, 733423, 931201, 951791]","[190902, 271698, 277472, 576817, 651044, 823960]","[167674, 439925, 547609]","[555479, 165988, 330861, 437261, 810888, 884257, 951513]","[144601, 144872, 165044]","[405308, 544846, 611194, 857393, 960172, 107813, 229993, 254326, 405308, 544846, 713310, 810988, 856912, 990085, 1004303]","[148174, 423225, 481944, 555947, 648360, 828828, 1087597, 423225, 438992, 824004, 990456]","[366461, 545521, 555195, 156126, 166170, 281586, 428084, 483787, 555195, 589646, 609169, 653352, 654278, 990231, 993771]","[1087606, 67571, 95047, 229939, 324801, 1090887]","[437617, 504777, 823700, 281398, 557604, 592766, 593113, 823700, 1000411, 1022310]","[278566, 727402, 961687, 650817, 1085236]","[433231, 788187]","[648645, 787655, 883025, 208503, 528829]","[882825, 206482, 254183, 1090742]","[115490, 205616, 346147, 365204, 423187, 442824, 779711, 23273, 115490, 205616, 226117, 226245, 423187, 436987, 437240, 584403, 625587, 739844, 779711, 974519, 987353, 990341, 1081048]","[442114, 921748, 610047, 1011492]",[442227],"[405691, 534300, 727408, 738906, 787635, 857207, 23540, 115773, 405691, 405708, 483709, 534921, 584486, 609544, 625136, 713542, 771975, 795786, 963216, 990055, 1025959]","[439297, 436957, 439687, 599281, 772345]","[739147, 420650, 516434, 547458, 739147, 766243, 836872, 836947, 993830, 1026165]","[287296, 319805, 442379, 563833, 960294, 157404, 190922, 287296, 319805, 810936, 884312, 977224, 1010921, 1011182]","[205516, 423087, 661862, 774507, 1090271, 205516, 398005, 423087, 547503, 661862, 774507, 856858, 1000218]","[328816, 366196, 366338, 366645, 496955, 534023, 545616, 561468, 794640, 815529, 959988, 190790, 225957, 328816, 366196, 366338, 428067, 428069, 428071, 428327, 428399, 496955, 894238, 914911, 952038, 993781, 1052559, 1069187]","[499793, 500016, 500016, 661759, 930967, 413347, 478845, 547556, 592833, 625296, 625333, 625547, 661759, 677636, 766360, 856824, 930967, 1004226]","[287538, 440819, 196644, 287538, 325107, 413540, 428322, 440819, 884468, 974104]","[185742, 205766, 555302, 828724, 828751, 185742, 205766, 226311, 324966, 398052, 555302, 609934, 648942, 894412, 993940]","[442258, 438606, 528660, 920257]","[365400, 366205, 84597, 366205, 616069]","[287497, 311125, 648527, 845784, 95592, 147945, 287497, 437100, 766434, 845784, 915191, 993968]","[20638, 401461]","[319912, 365148, 439359, 508357, 727541, 823480, 226244, 319912, 483599, 599024, 713367, 772055]","[412499, 561681, 412499, 640489, 649243, 920422, 977091, 990287]","[20761, 437032, 1080915]","[115555, 365451, 921686, 1087329, 115555, 166410, 191010, 310693, 324778, 433346, 592835, 771931, 1011898, 1050355]","[346093, 700696, 1090312, 472705]","[157655, 191075, 324660, 324745, 472372, 584192, 1010902, 1052239]","[439203, 442055, 226282]","[74002, 74073, 489517, 74002, 74073, 420960, 478698, 485249, 653083, 1012008]","[437718, 442746, 490634, 787563, 787603, 845628, 76608, 413528, 576651, 788309, 845628, 951139, 1052530]","[122493, 148261, 205385, 504486, 534238, 787343, 147720, 165190, 167732, 205385, 321933, 330666, 398032, 401429, 472365, 772245, 1000219, 1012099, 1084493, 1084554]","[271562, 610047]","[226023, 281380, 371354, 581680, 701014, 772129]","[254909, 921668, 123346, 427030, 547490, 625436, 625487, 650689]","[95364, 124254, 166055, 439809, 598966, 609800, 963089]","[481921, 147819, 426911, 609917, 739628, 795776]","[95362, 483605, 625485, 678000, 739530, 1081045]","[555968, 556131, 774242, 815499, 20811, 123729, 190765, 208532, 774242, 994009]","[437518, 508413, 539077, 95022, 802203]"
chromosome=XII,"[158024, 1070654, 633344, 1070654]","[92, 7260, 11429, 158018, 165496, 441202, 445169, 856332, 1067498, 1074242, 92, 11429, 166087, 445169, 764148, 783733, 796607, 1013357]","[86823, 264065, 264067, 264069, 264071, 264073, 287715, 366328, 402728, 441335, 449938, 734908, 734915, 781081, 899147, 963125, 1071562, 1072191, 1072294, 80314, 84505, 86823, 124969, 124970, 259707, 262970, 282671, 282675, 282679, 449938, 514949, 514957, 576565, 674064, 704436, 707034, 734908, 734915, 747471, 819056, 950291, 1001697, 1012083, 1043675, 1071562]","[10644, 445113, 449752, 784373, 1068332, 180017, 445113, 447719, 449752, 586121, 647114, 1068332, 1074995]","[48022, 158255, 243227, 243242, 329730, 329736, 638322, 654765, 806766, 806769, 953047, 1070137, 1073345, 29699, 329730, 329736, 704486]","[856489, 611894]","[108747, 638268, 963120, 13880, 29499, 48564, 125057, 325474, 404458, 611799, 707035, 707117, 809335, 819054, 1028306, 1028422]","[163722, 254671, 262560, 481872, 540893, 794099, 1071436, 1078099, 80366, 410356, 481872, 514759, 515037, 522522, 794099, 1071436, 1078099]","[167987, 198356, 198409, 283426, 348605, 931249, 167987, 198356, 198409, 332353, 426897, 510863, 534743, 645839, 723304, 1028602]","[244054, 638327, 819872, 1029375, 493542, 723594, 759232]","[80357, 289859, 1011524]","[161482, 167016, 215049, 243205, 263921, 472430, 482010, 485662, 489314, 628273, 810815, 1029507, 1029522, 1030012, 1052140, 1064295, 1068445, 1071407, 1078070, 29692, 49470, 109144, 198181, 215049, 259461, 263209, 282987, 472430, 482010, 485662, 493559, 504073, 504378, 628273, 809255, 1028461, 1028633, 1060971, 1068445, 1071407, 1078070]","[157973, 163782, 810552, 819912, 819915, 510815, 510815, 707402]","[550, 282226, 481881, 931156, 481881, 677792]","[92552, 197153, 628661, 780948, 37076, 364467, 407180, 407281, 498962, 510670, 510670, 628661, 723646, 822997, 1059242]","[489546, 818579, 475580, 514893, 713047, 725592, 737988, 818579]","[198455, 369933, 441183, 1067499, 198455, 839616, 924714, 1012318]","[163110, 198294, 287256, 287554, 427337, 478424, 708660, 793897, 820068, 23007, 108418, 166137, 198294, 470604, 483836, 487488, 793897, 805767, 922343]","[10353, 151627, 161963, 329547, 540735, 899460, 1029849, 1068238, 150559, 179725, 329547, 493409, 707253, 1068238, 1074901]","[243823, 243825, 440163, 1011355, 1011357]","[145716, 369832, 402705, 1068247, 1071531, 424319, 658466, 759077, 1068247, 1071531, 1074910]","[92636, 218265, 218265, 490020, 80301, 289892, 490020, 664913, 704461, 707012, 725776, 875086, 921628]","[227, 874, 2422, 5864, 198228, 232622, 370774, 403412, 899222, 1072540, 227, 874, 3807, 5864, 6517, 198228, 368258, 370774, 388381, 645943, 674088, 725991, 783904, 819354, 1028738, 1072540]","[161308, 281925, 962855, 514947, 677733]","[199544, 370768, 523150, 712538, 781265, 810504, 820132, 325457, 370768, 404205, 647059, 783577]","[232723, 402909, 1071386, 1078049, 1071386, 1078049]","[2641, 8176, 163729, 165365, 281079, 348464, 366342, 449820, 486507, 490341, 628479, 875378, 1030222, 1064023, 29795, 166012, 198827, 202436, 418090, 448377, 449820, 473599, 482855, 483179, 490341, 534507, 589006, 628479, 809527, 822799, 875378, 877538, 921978]","[243309, 329722, 795845, 806749, 329722]",,"[147295, 165558, 541413, 794106, 795741, 951705, 3839, 13978, 289790, 388391, 470818, 484050, 487702, 493752, 633189, 678038, 794106, 1061368]","[523395, 953260, 953260, 125396, 259720, 636149]","[146399, 166605, 197318, 734827, 818562, 48891, 573962, 734827, 818562, 921646, 1013266, 1028401]","[86872, 151401, 159465, 232654, 441223, 489599, 541311, 806487, 838615, 1018264, 86872, 710871, 839565]","[86993, 214806, 628378, 838695, 1065100, 1065105, 1070912, 86993, 109279, 214806, 416897, 628378, 790038, 954524, 1065100, 1065105, 1070912]","[161454, 283669, 402412, 499512, 687820, 810492, 963137, 976244, 131152, 341065, 390337, 390368, 439829, 710780, 728374, 828601, 1043732]","[92664, 151501, 218117, 329562, 820346, 953047, 1072044, 3853, 9388, 109357, 164165, 289871, 329562, 418256, 424361, 576489, 828490, 839497]","[198301, 448623, 198301, 238966, 448623, 877506]","[283428, 287622, 456535, 963010, 1070117, 259405, 456535, 470909, 484141, 487793]","[329344, 820343, 1070815, 187759, 202450, 329344, 510879, 611796, 1070815]","[449768, 795508, 125401, 125405, 125413, 449768, 713363]","[92714, 146039, 244019, 976250, 9411, 636155]",[1073456],"[288, 5925, 5925, 86970, 734923, 820051, 288, 1100, 5925, 6743, 86970, 404148, 439867, 633607, 636249, 734923, 950171, 1028337]","[5536, 11071, 167963, 1070275, 5536, 11071, 109035, 156362, 167963, 239152, 504389, 822884, 828200, 828290, 921876]","[499427, 794190, 951287, 963103, 673918, 809364, 822848]","[48027, 168013, 214919, 369775, 369823, 369832, 369943, 374371, 449721, 472522, 482102, 485754, 489406, 541505, 656970, 875443, 931251, 1067169, 1074633, 1076237, 36767, 84098, 168013, 180080, 198910, 214919, 323095, 417085, 424366, 449721, 472522, 482102, 485754, 506256, 611872, 645858, 656970, 723571, 839789, 875443, 898008, 924620, 1013680, 1074633]","[8937, 472415, 481995, 485647, 489299, 730075, 838402, 953378, 1070953, 3402, 472415, 481995, 485647, 1059323, 1070953]","[92790, 795481, 797381, 341195, 447934]","[962996, 49577, 364460, 395730, 500477, 510307, 646001]","[163937, 262856, 952290, 262856, 636154, 665108]","[8934, 148568, 167122, 402793, 687673, 729997, 951405, 951957, 3399, 238934, 677675, 828447, 897773]","[9245, 163844, 218254, 218254, 244039, 262462, 401473, 456478, 628371, 818491, 899316, 1052210, 1065294, 1071802, 1072247, 1073393, 3710, 3841, 9376, 187691, 212390, 323338, 456478, 500291, 573859, 628371, 665138, 678033, 704512, 809311, 818491, 931915, 932172, 1011297, 1028419, 1065294]","[329734, 329737, 329740, 329734]","[854, 7353, 7362, 7389, 243227, 263733, 1070674, 1070830, 1073336, 1076264, 854, 6497, 84306, 323178, 647273, 1070674, 1070830]","[147400, 243229, 243256, 329747, 401846, 472678, 482258, 485910, 708526, 806756, 29692, 49793, 325289, 472678, 473596, 482258, 483176, 485910, 612131, 796551, 1043521, 1043817]","[877, 198231, 784520, 975993, 877, 6520, 198231, 440285, 573699, 723542, 1028596]","[283472, 628259, 1072182, 234698, 424386, 628259, 1012196, 1014072]","[7193, 48019, 96995, 159459, 232793, 281981, 329709, 329742, 369911, 478371, 628564, 952062, 3848, 9383, 9408, 187500, 253394, 329709, 380639, 410156, 470876, 484108, 487760, 628564, 704610]","[167844, 348277, 628290, 654835, 80415, 167844, 198177, 341299, 628290, 728042, 1011411]","[218555, 370656, 370656, 576445]"
chromosome=XIV,"[105048, 331010, 350746]","[1508, 61978, 63385, 230450, 63385, 281923, 405877, 507667, 519125]","[89309, 89310, 89311, 174685, 415042, 415050, 415067, 415084, 500593, 628802, 628804, 716067, 34231, 174685, 253921, 253923, 253925, 263334, 263336, 263338, 263342, 310385, 330993, 413441, 413444, 413445, 413446, 415042, 415050, 415067, 415084, 442519, 479444, 479448, 479458, 531657, 606073, 628802, 628804, 651849]","[62328, 174518, 174575, 577410, 34220, 174518, 174575, 407989]","[282956, 282965, 493993, 502733, 495230]",,"[25258, 89644, 568239, 575632, 577154, 586187, 624946, 628665, 34539, 198201, 200258, 263504, 263513, 335588, 350700, 355230, 355239, 405969, 427135, 503304, 531514, 568239, 604997, 628665, 662261]","[547326, 655414, 297874, 427283, 640347, 642381]","[62152, 374811, 414724, 112863, 374811, 495070, 652316]","[331224, 336046, 392371, 405734]","[560837, 34359, 107174, 138139, 350795, 560837]","[253627, 523500, 624525, 632395, 34253, 87729, 90125, 90329, 217239, 289893, 289902, 302165, 310204, 336099, 499353, 547822, 619975]","[25684, 297923, 531385, 662261]","[861, 26964, 575655, 576664, 715977, 392428, 501313]","[547098, 568119, 783964, 87564, 440784, 507205, 568119, 783964]","[251629, 342401, 480830, 642228, 662207]",[624491],"[523431, 716165, 198201, 434785, 449754, 495024, 633954]","[89542, 500713, 575559]","[3678, 443227, 716226, 373611, 606166, 606168]","[523306, 784027, 187736, 418646, 784027]","[283055, 521508, 547182, 655133, 198241, 342269, 350706, 620058, 652050, 652061]","[115, 765, 3590, 6714, 303135, 577385, 115, 6714, 503334]",[418391],"[628930, 87391, 200602, 217496, 444280, 605015, 628930]","[755744, 755744, 756850]","[2424, 104793, 374729, 375107, 443101, 443622, 521602, 716267, 34596, 200313, 276019, 355325, 375107, 392679, 405842, 444322, 620070, 664161]","[441113, 479493]",,"[506409, 576974, 577139, 577218, 716260, 631369, 642551]","[576649, 577159, 606160, 642583]","[63346, 332120, 602337, 63346, 138138, 217379, 289367, 298059, 602337, 631410]","[1340, 303289, 506150, 632084, 263525, 418445, 503510]","[443001, 784085, 784098, 784156, 784201, 784262, 784281, 198131, 335813, 498689, 518919, 605960, 784085, 784098, 784156, 784201, 784262, 784281]","[26880, 602208, 756578, 187957, 217518, 276051, 281604, 350848, 352035, 499295, 519193, 602208, 605255, 725965]","[63073, 282965, 624887, 631657, 63073, 503430, 519034, 634018]","[547327, 632704, 632704]","[560787, 576843, 628897, 726172, 560787, 628897, 726172]","[575747, 342378]","[586048, 187956, 276052, 427011, 427019, 605734, 605738, 605744, 605750]","[230307, 303400, 280319, 349839, 408287, 413315, 442609, 495382]",[25695],"[176, 252604, 624951, 176, 406044, 427137, 495301, 501134]","[6492, 26608, 6492, 480817, 640509]","[6867, 332070, 715953, 116572]","[96350, 282964, 96350, 187748, 427185, 491196, 495412, 518896]","[25300, 628497, 302090]","[521595, 174795, 276192, 444670]","[726158, 90261, 427275, 531610, 726158]","[281967, 289344, 434546]","[4033, 332070, 87740, 547559]","[89460, 374705, 442994, 494201, 602162, 113155, 297971, 427133, 427206, 495134, 602162, 605045]",[282969],"[745, 1601, 1610, 1637, 282962, 502559, 502559, 442383]","[560808, 281913, 405867, 560808]","[768, 560734, 350054, 373982, 412001, 560734, 576302, 576523]","[303258, 332282, 784032, 507219, 784032]","[1441, 625213, 722508, 107381, 352109, 374011, 413460]",[523154],"[625011, 342220, 392345, 605763]"
chromosome=XVI,"[56361, 56361, 171420, 566973, 567128, 678859]","[112730, 303848, 433685, 554062, 257294, 503015, 732243, 739851, 829130]","[377156, 551804, 551804, 582260, 731310, 744375, 775690, 943050, 129890, 132741, 165819, 165825, 165935, 169551, 188924, 188935, 257046, 281773, 301390, 301394, 302879, 329257, 373167, 381385, 381459, 455116, 464234, 558022, 582260, 594333, 653942, 653948, 744375, 775690, 927951, 943050, 948028]","[4054, 944693, 482295, 502876, 527097, 591406, 928055, 944693]","[848358, 946606, 297310, 588573, 679092]",[654977],"[174692, 622428, 823343, 8813, 150308, 273297, 373545, 373610, 464079, 572696, 593903, 593996, 615326, 792289, 829531, 830977]","[405094, 553912, 555916, 810537, 171483, 172784, 228154, 455053, 555916, 810537, 830640, 921459, 947902]","[4080, 174407, 553935, 744363, 823100, 6171, 108260, 171276, 257079, 261258, 491989, 520205, 695200, 744363, 829244]","[108939, 435878, 46924, 214633, 435878]","[4100, 338806, 860527, 338806, 517372, 527233, 641501, 775426, 860527]","[433679, 433814, 572226, 944806, 944953, 135611, 373350, 378809, 432014, 644978, 645776, 944806, 947873, 947992]","[5317, 173332, 693891, 693891, 945284, 302771, 482219, 587401, 619737]","[770, 301387, 576352, 641268, 901864]","[654702, 425242]","[210294, 560275, 689473, 150392, 210294, 286981, 491745, 560275, 689473]","[287046, 404520]","[435682, 807092, 135548, 166044, 171239, 203034, 493445, 620101]","[210287, 303738, 555940, 558251, 622699, 769361, 810821, 46881, 99002, 210287, 303016, 378794, 517339, 555940, 558251, 576013, 769361, 810821, 930594, 944599]","[555738, 719172, 819717, 310058, 575158, 619906, 771170, 843111, 901574]","[338644, 561608, 689734, 731521, 744482, 6848, 214664, 338644, 689734, 695213, 831938, 843174, 944608]","[377320, 693594, 693812, 693812, 731612, 823336, 860594, 169507, 172758, 411688, 463886, 789654, 875145]","[24, 943404, 24, 3499, 11168, 339846, 383108, 645009, 943404]","[558558, 381448, 643552]","[731486, 47015, 277577, 581110, 591087, 830316, 921230]","[880242, 947852, 432103, 947852]","[7369, 111040, 111040, 581906, 622330, 622676, 694012, 11444, 166111, 172745, 257059, 271346, 281798, 339859, 381276, 383269, 575491, 581906, 610229, 627886, 840444, 927794, 930460]","[109043, 109052, 407373, 132546, 425428]","[946508, 665877, 921345]","[3996, 558059, 561687, 775659, 821902, 8835, 106865, 135597, 169534, 188939, 310238, 425283, 464141, 503268, 558059, 615067, 645648, 732036, 775659, 821902, 822181, 901868]","[435818, 819649, 47085, 435818]","[173610, 281222, 642638, 819554, 945594, 7631, 280141, 739852, 930447]","[110656, 377443, 860515, 381612, 654190, 860515]","[338894, 947381, 114781, 338894, 404371, 453510, 641513, 645704, 874986]","[433647, 555680, 655003, 731180, 6832, 132270, 173032, 373263, 503125, 517458, 627463, 654142, 700053, 812753, 875135, 901921, 921099]","[4010, 548348, 552058, 693682, 744294, 944050, 75044, 75152, 132336, 203069, 257126, 281931, 301591, 309852, 309991, 450754, 527031, 527059, 627638, 641502, 744294, 840403]","[150516, 214785, 930420]","[693638, 946586, 106996, 261324]","[111256, 114912, 257134, 700223]","[169717, 627464]","[56287, 731368, 56287, 261411, 303014, 373343, 425202, 641420, 830771, 875133]","[701459, 11333, 132420, 166035, 520506]","[85, 900, 1076, 173280, 558033, 701418, 85, 114905, 491804, 520592, 558033, 689825, 700288, 830730, 831300, 842937]","[6401, 99018, 581399, 930752]","[112968, 261529, 610014]","[109020, 109038, 121423, 169402, 520308, 641513, 644775, 822262, 831921]","[3094, 947422, 3094, 132554, 310119, 373237, 679141, 739603, 775426]","[377079, 11447, 287327, 373615, 576366]","[109041, 945070, 610192]","[174738, 550356, 108223, 132719, 482230, 643430, 654165]","[3942, 112994, 689604, 114591, 689604]","[433858, 436027, 552133, 555660, 558142, 622782, 689499, 823080, 7666, 46993, 188841, 202941, 214489, 261481, 287098, 310233, 436027, 558142, 610325, 666074, 689499, 695250]","[112856, 654771, 654777, 654780]","[108997, 173636, 701425, 769268, 860552, 453568, 591508, 769268, 792164, 860552]","[113057, 136058, 281123, 171461, 277647, 301641, 644992, 831894]","[6104, 75007, 214650, 297102, 404392, 431964, 492008, 520356, 581149, 822189, 832114, 840430]","[56096, 111318, 407358, 550279, 880284, 40717, 56096, 406294, 450754, 493230, 581469, 927711]","[108997, 109003, 109024, 550095, 807039, 406317, 425433, 829242]","[718963, 944121, 425221, 450831, 665993]","[59768, 338929, 555873, 207705, 338929, 453593, 555873]"
chromosome=VI,[58329],"[97987, 827, 220302]","[54485, 148937, 155979, 191390, 4163, 148937, 157801, 191390]","[155888, 4153]","[95821, 106649, 64646]",,[55975],"[225231, 101302]","[4329, 58648, 174090, 180957, 4251, 4329, 154062, 180957]","[2282, 255541, 2282, 53980]","[156102, 184029]","[74630, 224011, 53982, 148351, 148399]","[3496, 3496]",[74949],"[54599, 106769, 101380, 154431]","[98807, 224093]",,[54474],"[98799, 106412]","[89358, 174127, 182991, 53724]","[255547, 158088]",[89231],"[210775, 84, 158062, 210775]","[155746, 183393, 223962]",,[226054],"[56060, 173952, 191412, 210335, 210415, 226102, 53551, 191412, 223393]",,,"[173894, 184211, 226046, 53440, 145411]",,"[4546, 74904, 106751, 155877, 225221, 255495, 4546]","[659, 154230]","[270119, 270132, 167499, 270119, 270132]","[54748, 74797, 95923, 183009, 210896, 269693, 143955, 148461, 157768, 167379, 210896, 226576, 269693]","[99002, 180988, 183977, 148250, 180988]","[183839, 226147]","[55211, 226716]",,"[182992, 182998]",[174112],[167389],"[90525, 98768, 155818, 155992, 310, 101477]",[174098],"[97797, 224144]","[191577, 158029, 191577, 204960]","[2439, 2439, 53693]","[173988, 205105]",,[173903],"[180963, 269976, 180963, 205101, 269976]","[155982, 54027, 64528, 144294]",[95819],"[106640, 64, 929, 965, 54145]","[225545, 233608]","[87, 4262, 137496]",[55049],"[183792, 760, 101638, 226443]","[99081, 99146, 224057, 154070]","[74923, 148671]"
chromosome=VIII,"[17529, 54644, 450826]","[120169, 121801, 127140, 555320, 256152, 558773]","[108164, 126952, 554256, 557496, 557609, 562374, 18399, 38632, 38633, 104058, 125789, 125900, 126138, 126140, 206293, 290381, 290393, 298802, 298806, 382745, 455628, 512108, 562374]","[559142, 175158, 455509, 559142]","[17589, 173296, 375295]",,"[127079, 385856, 386096, 386099, 386105, 38869, 227566, 550529]","[76259, 121511, 562248, 562248, 148888, 297854, 562248]","[146052, 48020, 48020, 290155, 374233]","[206221, 227496, 462288, 540830]",,"[475976, 559255, 559402, 562219, 562219, 236212, 290214, 558722, 559255, 559402, 562219]","[75666, 374644]","[119680, 5177]",,"[237925, 358555, 554574, 56176, 237925]",[558774],"[119573, 146521, 146774, 466722, 522888]","[105711, 120477, 127096, 554567, 559048, 5047, 18461, 105711, 148818, 255823, 256061, 462080, 559048]","[475938, 98276, 299085, 455851, 462042]","[559057, 562343, 5124, 5124, 280243, 383011, 383011, 551992, 559057, 562343]","[237674, 98133, 237674, 293544]","[189, 842, 557854, 189, 227369]",[290040],[504820],"[562198, 562198, 562198]","[119697, 145969, 381665, 98210, 122557, 206311, 267332, 280540, 523054, 531666]",[375701],,"[76205, 173285, 190336, 214626, 214879, 273676, 540707]","[554267, 375598]","[35480, 381598, 56307, 105451, 236412, 360585, 396918]","[62779, 4961, 227278, 236457, 540962, 552007]","[556745, 556832, 556843, 556867, 562458, 562489, 562531, 562544, 562568, 562594, 98219, 289493, 374194, 562458, 562489, 562531, 562544, 562568, 562594]","[75988, 75988, 108839, 119849, 213084, 475906, 5108, 5108, 170486, 190431, 206327, 214763, 215082, 273672, 297313, 375335, 375350, 380173, 455532, 475906]","[467000, 67761, 467000]",[149199],"[127170, 151316, 173083, 297783, 298765, 379989, 400917]","[170657, 505810]","[147819, 213079, 214783, 215077]","[213105, 358316, 190204, 360842, 388668]",,"[250, 1068, 120590, 250, 18092, 214624, 290384, 297548]","[17757, 450522, 462168, 505813, 505878, 517201]","[105644, 108601, 146710, 5165, 105644, 531629]","[76415, 504997, 48402, 236436, 289366, 297676, 455898, 488422]",[151214],"[237742, 467122, 554244, 237742, 467122]",[461972],"[256076, 522955]","[4958, 173082]","[35715, 504855, 557134, 98246, 256179, 450902, 557134, 557195]",[555336],"[822, 451954, 67559, 98423]","[475532, 297481, 422709, 475532]","[845, 116148, 116148, 125895]","[115948, 557487, 562448, 54562, 115948, 562448]","[126124, 190476, 280555, 299064, 455740, 488338]","[97979, 551710, 558570]",[236350]
chromosome=X,[598431],"[374450, 374612, 378391, 608614, 664153, 265785, 374450, 374612, 378391, 639662]","[74660, 441233, 531891, 663934, 663936, 60673, 90262, 113460, 113466, 123065, 160296, 160298, 160307, 173165]","[6437, 349005]","[524237, 524237]",,"[542998, 9230, 120037, 521591, 542998]","[374711, 433294, 745484, 154548, 231038, 374711, 405149, 745484]","[116031, 424316, 437532, 524055, 6634, 116031, 424316, 524055, 705764]","[3399, 374284, 437124, 3399, 106433, 111357, 337279, 374284, 434686, 646995]","[382256, 396891, 618122, 90469, 396891, 402779, 521833, 618122]","[228101, 391004, 438603, 517729, 106101, 106116, 111418, 157456, 173327, 180490, 291030, 348913, 438603, 640307]","[233920, 382449, 9345, 233920]","[3063, 90294, 607963, 735540]","[349481, 431482, 608842, 745589, 26765, 79546, 157568, 745589]","[521554, 521563, 646778]","[36434, 360851]","[1422, 74698, 139453, 228100, 452255, 455254, 608251, 640431]","[6140, 396823, 441009, 173141, 396823, 405296, 545373, 640184, 651787]","[4049, 438049]","[197203, 664297, 3247, 639470]","[424721, 474812, 652387, 664045, 97448, 578223, 705425, 735539]","[3961, 73517, 545227, 651696]","[437659, 404880]","[524178, 702371, 101142, 101208, 445629, 524178, 554742, 640362]","[415218, 438526, 438526]","[7913, 414852, 422939, 437181, 474906, 7913, 119784, 160261, 414852, 422939, 646746]","[382558, 3240]",,"[4458, 414893, 541441, 265456, 402451, 414893, 705490, 705551]",[623102],"[415197, 60635, 69123, 415197, 452392, 535733, 705405]","[414834, 424577, 454178, 454274, 360708, 414834, 424577, 646602]","[1934, 354306, 517859, 745437, 745443, 745701, 745714, 73788, 360755, 521779, 623297, 745437, 745443, 745701, 745714]","[139761, 355209, 430620, 431394, 437351, 438026, 438689, 438689, 543077, 7373, 73546, 160152, 230987, 355209, 436687, 438689, 543077, 554999]","[4472, 396740, 437315, 195775, 391936, 396740, 521844]","[58875, 111616, 291105]","[374507, 374534, 424470, 439047, 90398, 220325, 374507, 374534, 424470]",,"[100855, 150810, 348716, 391805]","[76051, 121961, 378515, 431473, 233686, 236646, 378515, 524469, 549833, 651321]",,"[275, 1086, 1262, 378358, 275, 378358, 607858, 608091, 663101]","[391134, 524031, 531930, 663904, 524031]","[139688, 204530, 436440, 542869, 204994, 378115, 436440, 452083, 542869]","[74473, 76436, 197349, 233955, 116241, 157478, 180375, 233955, 332996, 361106, 623294, 705278]","[3556, 437199, 3556, 111666, 220248, 220348, 703232]","[431509, 437496, 474899, 60698, 79507, 113666]","[424456, 424456, 623124]","[58908, 431399, 543063, 58908, 223962, 378113, 543063]","[4404, 139507, 391309, 543208, 6832, 60458, 69158, 445580, 466511, 521986, 543208, 731741]","[217, 4460, 391111, 524147, 217, 268590, 524147, 703079]",,"[1921, 74408, 361066, 640332, 640350, 646678]","[391323, 523828, 136510, 150445, 391704, 521852, 523828]","[7939, 59141, 438450, 6567, 7939, 18869, 59141, 360980, 550261]","[538761, 538761, 646865]","[1709, 4467, 454332, 639373]","[59271, 227955, 59271, 73592, 633456]","[542992, 542992]"
chromosome=XI,[258968],"[379711, 513358, 315587, 390083, 513358]","[283117, 364758, 518106, 518107, 518108, 617545, 617549, 617553, 67762, 67769, 67770, 67771, 385099, 385100, 385101, 457194, 518106, 518107, 518108, 635456]",[231537],"[438314, 555371, 217095]","[518153, 439331, 518153]","[101534, 104705, 162688, 490952, 96359, 144264, 245966, 385387, 457082, 463695, 608603]","[313202, 260714, 315643, 429016]","[248042, 261953, 393462, 457337, 581018]","[103085, 364522]","[46892, 283953, 327928, 519179]","[963, 104302, 302981, 313579, 326620, 379957, 438558, 440510, 458762, 92618, 171629, 302981, 308681, 313579, 322517, 327939, 340849, 645589]","[166128, 260688, 613954]","[158564, 165877, 226348, 278837, 383477, 517280]","[322445, 487621]","[440170, 96462, 127129, 147207, 245636, 440170]",[102863],"[159299, 334646, 458495, 70628, 261905, 278766, 439751, 613835]","[46810, 159044, 2846, 144121, 383440]","[74575, 513206, 74575, 143320, 340613, 513206, 551687, 645555]","[108, 108, 99677, 247716, 614262]","[219988, 219988, 284644, 517271, 608604]","[432494, 21486, 463562, 614073]",,"[303101, 432888, 445393, 231388, 303101, 383317, 428982, 445393, 514189]","[46553, 21493]","[491064, 578967, 248452, 278858, 369691, 463467, 578967]",,[581419],"[102958, 67791, 93911, 262148, 463362]",,"[159255, 163898, 158353, 226213, 226409]","[109557, 334875, 364647, 552081, 2740, 258631]","[458552, 617593, 666443, 666667, 166096, 248458, 666443, 666667]","[419, 438, 419, 438, 140896, 419, 438, 140896, 158272, 246003, 260698, 279033, 389983, 390154]","[438305, 491120, 517861, 70912, 231570, 385462, 517861, 519034, 630507]",[317320],"[46976, 162488, 162515, 517853, 551990, 144081, 245771, 517853, 618887]","[282866, 143349, 217154]",[340699],"[1035, 334682, 517924, 517924]","[140813, 326688, 440585, 140813, 279015, 463560]","[104994, 379678, 552328, 226187, 245904]","[104335, 106642, 21697]","[162337, 2852]","[163660, 490984, 552355, 579032, 70966, 258779, 261803, 322703, 579032, 635248]","[970, 379776, 514323, 608557]","[364544, 617616, 226456, 589980, 614865]","[158903, 163666, 70966]","[444312, 94067, 261885, 469356]","[104674, 283014, 127401, 247906, 258736, 579230, 630739]","[101289, 163636, 303066, 440309, 458545, 96415, 143925, 158291, 303066, 440309, 518885]",[259266],"[259304, 259475, 259493, 248278, 308424]","[106364, 284957, 439685]","[308872, 581341, 630663]","[334869, 364779, 666714, 666729, 666744, 369364, 666714, 666729, 666744]","[163664, 96400, 284663, 581213, 615061]","[46696, 104462, 158896, 327660, 457491]","[162367, 439429]"
chromosome=XIII,"[874668, 915274]","[550579, 552534, 310199, 413804, 553243, 874724]","[159699, 168678, 277483, 352365, 625704, 651937, 652520, 652524, 747964, 13335, 225542, 225546, 263111, 279887, 279896, 296967, 348549, 348551, 348553, 348555, 350070, 352365, 411367, 411447, 433977, 483679, 514285, 625704, 627915, 632289, 650982, 675685, 772650, 772660, 774224, 798247, 874551, 874554, 874555, 874556]","[4985, 262938, 279998, 408517, 901288]","[68026, 347337, 902378, 915514]",,"[196311, 586532, 888240, 888537, 309072, 433886, 483693, 483848, 586532, 676295, 759523, 833056]","[162226, 352149, 352149, 408537, 458233, 759655, 915531]","[259201, 277405, 352045, 511499, 552598, 552598, 887898, 192560, 253671, 262783, 343857, 349975, 352045, 413565, 458082, 551770, 601097, 831756]","[163647, 226574, 46568, 170283, 221161, 458312, 610738, 653689, 774146, 832915]","[277621, 761671, 26079, 167668, 209176]","[198491, 259421, 361242, 499602, 26351, 101378, 209437, 282840, 287288, 287464, 335055, 411636, 433718, 500763, 557246, 775633]","[888024, 888528, 16656, 28122, 436203, 628134, 631908]","[192658, 310112, 347043, 413601, 852446]","[273325, 361131, 262993, 273325, 413783, 751350]","[163669, 551645, 557189]","[482537, 772729]","[372392, 376420, 748070, 310170, 413864, 433640, 759571, 775712, 833130]","[4694, 147239, 632726, 888016, 28017, 158432, 282834, 826632, 901450]","[268045, 552360, 552407, 13549, 124139, 220962, 268045, 483761, 502874, 772583, 774154]","[101474, 236407, 826906]","[24124, 198680, 375882, 504690, 16793, 16818, 280185, 343716, 502784, 504690, 772692]","[205, 146919, 205, 334910, 431854, 439014, 477976, 810957]","[888509, 287337, 667111, 759532]","[163144, 632615, 70349, 258949, 601029, 872608]","[168972, 517342, 701410, 915222]","[2517, 168896, 183958, 198774, 321398, 352397, 376312, 376312, 504990, 552735, 552735, 70369, 158288, 167293, 225592, 352397, 439082, 504990, 590081, 600990, 838184]","[272368, 499776]","[626066, 761685, 626066, 874711]","[263165, 500673, 540656, 601373, 756453]",[192732],"[352417, 46543, 302817, 352417, 601162, 759289, 775654]","[363088, 420563, 632820, 748045, 279939, 287534, 353098, 363088, 420563, 432038, 433760, 540564]","[162464, 168857, 504890, 837990, 70393, 70394, 504890, 837990]","[168996, 184016, 201297, 252491, 259056, 259416, 277275, 651916, 768578, 25919, 37627, 124220, 259056, 335107, 511111, 517669, 551524, 553184, 654916, 779322, 901346]","[183912, 124434, 258836, 413809, 436245, 754377, 776007, 872670, 902607]","[131876, 223321, 131876, 861313]","[131826, 131853, 298427, 352470, 480649, 747893, 747920, 70276, 131826, 131853, 310038, 352470, 852550]","[70346, 601216]","[198378, 321333, 321339, 904842]","[23904, 290783, 298830, 258742, 271734, 290783, 343740, 413767, 436496, 590006, 610539, 667272]",,"[266, 266, 163695, 298531, 511539, 552369, 266, 92021, 209330, 309860, 353504, 605819, 675700, 676610, 676625, 777594, 777594, 902521]","[5412, 259177, 277446, 572962, 5412, 436446, 482502, 482600]","[147315, 225819, 502816, 777689, 826635]","[277155, 321183, 352420, 552805, 768405, 888067, 70354, 91751, 192481, 306705, 352420, 513919, 540782, 676581, 774428, 778021]","[272428, 352234, 888438, 3278, 46486, 352234, 483616, 653578, 754356, 904855]","[198767, 252193, 277487, 652537, 170268, 192471, 772675]","[26262, 46877, 91771, 482532, 874796]","[266838, 732321, 754629]","[24311, 352276, 463737, 633647, 280058, 352276, 413499, 463737, 774406]","[480899, 500004, 505003, 632726, 753519, 808473, 132107, 167453, 167480, 253491, 280051, 335011, 436229, 505003, 675582, 808473, 831322, 902466]",[852109],"[632667, 13136, 26260, 258837, 483587]","[499642, 590301, 732406, 775758]","[91968, 192428, 438998, 759301]","[343917, 915152]","[162483, 163923, 272253, 511367, 550555, 753394, 280078, 540555, 540558]","[23883, 91903, 169884, 209396, 335171, 852297]","[376172, 501135, 676405]"
chromosome=XV,"[343824, 939895, 1086262, 1086262, 1090282]","[109218, 232197, 343557, 494824, 504549, 679055, 866768, 1004111, 333187]","[73952, 87291, 87305, 87309, 343470, 349035, 367549, 397645, 780068, 882526, 882613, 882615, 882619, 882620, 891859, 1031364, 1031377, 1031378, 1031379, 1031662, 1091190, 329142, 334620, 506310, 723918, 1085156, 1085259, 1091190]","[424249, 479917, 797174, 891947, 939498, 968187, 1007134, 1087960, 321581, 321581, 678359, 797174]","[449030, 1086310, 254504, 254519, 254531, 254540, 1086310, 1086310]","[882324, 912315]","[80208, 226880, 243069, 382899, 426517, 443642, 515093, 522766, 606479, 678831, 832273, 832273, 883541, 980632, 980639, 113747, 282399, 334394, 620207, 832273, 980632, 980639, 1086072]","[24968, 618429, 1091064, 113678, 321745, 329423, 678110, 723330, 779363, 1091064]","[80171, 300885, 316414, 316414, 514776, 619320, 632188, 769654, 769822, 1043273, 1043600, 92220, 334475, 620158, 724170, 778618, 778722]","[243102, 327029, 770205, 797073, 989439, 327029, 797073]","[343771, 383119, 618592, 986766, 110494, 254548, 334276, 678100]","[87379, 231956, 232324, 418113, 493057, 511587, 722047, 908635, 986705, 1091035, 29012, 29129, 81067, 110383, 334282, 407834, 620613, 623330, 678098, 722047, 778929, 1091035]","[493264, 586450, 1088551]","[572045, 710008, 939712, 1083397, 572045]","[301101, 389157, 464454, 1043449, 301101, 333233, 340175, 464454, 779132]","[74081, 241432, 505438, 968196, 1049015, 678353]","[21429, 69379, 241834, 242980, 866916, 28924, 31294, 724587, 724641]","[383025, 438609, 481763, 511686, 891725, 925474, 28828, 333407, 438609, 724485, 724790]","[384, 274578, 274847, 426386, 438567, 552663, 619500, 742437, 884035, 956816, 1039419, 1087866, 384, 81273, 274578, 274847, 438567, 854318]","[384875, 426214, 438598, 446884, 674093, 779810, 1071043, 110608, 328684, 438598]","[99359, 347616, 682358, 683881, 1087875, 1091159, 723412, 724531, 1091159]","[312698, 384802, 504544, 572016, 768112, 956791, 93558, 120052, 572016, 779458]","[316161, 349165, 480082, 710232, 769701, 980596, 980596]","[213, 80176, 218827, 619328, 980769, 213, 980769]","[356, 316397, 316397, 780890, 949490, 356, 159727, 407712, 620154, 780890]","[960514, 1091014, 445577, 506408, 1091014]","[12337, 58685, 128928, 285866, 384897, 397426, 410433, 427740, 438645, 594322, 683645, 768094, 770395, 825851, 884213, 949308, 976423, 986858, 1004487, 1006921, 120146, 253076, 254605, 328759, 328759, 329901, 438645, 487597, 594322, 722166, 867510, 900542, 976423]","[722064, 901382, 722064, 779333]",[679030],"[128931, 429835, 572176, 683861, 721773, 762436, 762482, 770490, 882251, 1004279, 1031581, 331347, 572176, 594151, 620588, 678533, 721773, 867693]","[87301, 241532, 241532, 1004257, 1029082]","[27892, 27905, 446944, 457933, 504788, 594411, 755216, 762353, 797085, 824939, 892018, 989225, 594411, 621295, 797085, 1088861]","[316, 384812, 410222, 424531, 424604, 678876, 316, 159974, 487589]","[109643, 288254, 480029, 638965, 832006, 901456, 968274, 989547, 288254, 1090540]","[457, 457, 11169, 21472, 94475, 241579, 241579, 282012, 312980, 619600, 733644, 742446, 908944, 939560, 939583, 978850, 1043158, 1083311, 1083638, 457, 457, 110475, 113893, 282012, 487660, 1083638]","[226625, 274508, 505381, 673971, 710211, 908536, 1070782, 1085009, 28842, 30699, 226625, 274508, 331563, 1086150]",,"[83300, 427590, 494676, 710240, 825759, 407788, 723371]","[762055, 866914, 968309, 1090443]","[241549, 241549, 312979, 683675, 683681, 825626, 226414]","[111183, 438542, 487382, 901353, 978837, 986842, 111183, 328839, 438542, 487382, 622381]","[1086421, 1086421, 1086421]","[79975, 116242, 447105, 482040, 487026, 578049, 606452, 606472, 762155, 825820, 825953, 877710, 882590, 901655, 1003594, 1004488, 254476, 329050, 506322, 724752, 724825]","[94508, 384922, 418203, 504865, 825095, 30462]","[514, 292270, 522632, 960513, 1003574, 514, 282426, 354158, 594185, 778545, 854169]","[69282, 109399, 326735, 438710, 458206, 619419, 638981, 721945, 722053, 722059, 882375, 968199, 1087598, 31046, 31085, 31226, 31304, 159949, 326735, 438710, 445577, 721945, 722053, 722059, 724522, 724537, 724584, 724603, 854223, 1089202]","[520895, 619407, 832428, 832428, 1039320, 1039345, 832428]","[242852, 383251, 710025, 772178, 825036, 882570, 1006918, 1054047, 120139, 324158]","[27896, 682878, 769403, 832013]","[241530, 241530, 755103, 986779, 1029078, 1043170, 1058917]","[520730, 594343, 866694, 30405, 159909, 594343]","[11289, 21627, 58401, 228416, 241300, 367687, 389050, 449266, 472667, 505356, 520693, 520966, 673848, 682565, 762371, 797058, 836908, 1006912, 1083662, 1084767, 1084828, 1086358, 113683, 228416, 620205, 724110, 797058, 900544, 900674, 1083662, 1085212, 1086358, 1086358]",[479980],"[274433, 481793, 682791, 825986, 836823, 882204, 968299, 1086301, 254519, 274433, 1086301, 1089229, 1090302, 1090458]","[69155, 426329, 710208, 825982, 877623, 1059200, 1082460, 30638, 30644, 114002, 575694, 724522, 759621]","[80024, 109550, 232128, 312652, 825820, 883776, 901462, 1039544, 354082, 883776]","[772211, 908649, 978547, 986715, 1085147]","[87435, 274793, 443966, 552620, 986638, 1049193, 274793, 724547, 900419]","[301250, 367739, 430222, 1086221, 110238, 226496, 301250, 622270, 1086221]","[11108, 216291, 673775]"
chromosome=II,[668811],"[238239, 333533, 374300, 377816, 28658, 238239, 281296, 490533, 501920, 623343]","[6153, 45942, 238212, 605615, 45206, 96192, 192112, 238212, 338205, 369140, 369781, 375864, 376248, 376250, 393192, 393193, 393202, 393263, 415761, 429256, 452424, 452431, 536292, 602099, 623108, 642695, 805090, 805094]","[88776, 645407, 101365, 193679, 339625, 408503, 415377]","[224976, 374342, 605446, 605467, 605479, 140499, 452116, 512682]",[605440],"[88558, 236346, 244150, 8061, 203281, 236346, 332572, 369667, 375903, 449347, 602270]","[256734, 374892, 643255, 168165, 812972]","[246399, 605255, 5491, 159801, 193646, 360680, 415410, 537489, 668743]","[300660, 605445, 166992, 342234, 381331, 504568, 512608, 593089, 606109]","[236500, 342251]","[300760, 375033, 680722, 29028, 89626, 193616, 193729, 501645, 537890, 604527, 620733, 760683, 760686, 760857, 798767]","[36285, 394567, 373440]","[773, 6280, 88697, 140709, 191751, 256250, 339460, 490784]","[84328, 255931, 307556, 342206, 449379, 536080, 680000]","[612660, 339618, 369844, 564843, 625167, 625278]","[169016, 62736, 136141, 338436, 373572, 423148, 680170]","[246419, 126261, 427495, 429183, 586400]","[6134, 9450, 197756, 606915, 36666, 116960, 140475, 197756, 202533, 235988, 369181, 379021, 392681]","[246598, 681933, 164434, 281336, 339263, 339265, 373439, 589529, 681933, 799110]","[225198, 60858, 307744, 378680]","[223382, 261921, 373982, 645352, 117091, 369316, 369696, 419807, 536096, 555063]","[394174, 642803, 24, 124614, 124773, 126369, 203303, 473905, 515344, 537570, 605938, 642803, 668645]","[680756, 74697]","[46304, 169266, 257372, 338629, 501719]",[612736],"[394245, 124664, 164324, 168212, 337025, 342362, 369792, 373257, 452346, 604201, 668647]",[606974],[680299],"[414284, 605577, 192026, 602135, 669227]",[301278],"[197519, 333645, 197519, 202570, 338628, 369844, 375955, 452512, 642595]","[6748, 9421, 591864, 332705]","[36543, 374591, 36543, 45351, 126364, 452303, 662611, 812931, 813072]","[6210, 300694, 374589, 645132, 680565, 680590, 62506, 96367, 159890, 164413, 360639, 391532, 407181, 429435, 595984, 595986, 620787]","[197643, 605470, 84556, 193788, 197643, 307385, 477400, 490808, 680094, 682100]","[680328, 126448, 474107, 504423, 604125, 662420, 680328, 805317]","[350950, 342005, 350950, 407347, 452496]","[36532, 378039, 36532, 74615, 124639, 168244, 237678, 307727, 373531, 429545, 668621]","[246524, 261619, 557160, 164012, 164445, 164451, 193552, 193572, 338329, 391614, 537838]","[36257, 164400, 429435, 449266, 595990]","[342200, 805076]","[903, 1079, 592143, 85, 61111, 136297, 203425, 235987, 415769, 452482, 504552, 595572, 642592]","[350972, 377667, 377766, 5721, 350972, 595686]","[238167, 238167, 662770]","[9818, 88676, 238584, 246800, 300580, 375180, 680394, 160083, 168139, 278656, 337237, 375958, 381529, 408713, 427250, 490893, 515517, 537553, 589502, 605992, 680254, 680394]","[169312, 377736, 89663, 192032, 203432, 342378, 426838, 452344, 595678]","[223469, 236410, 262008, 45081, 202293, 373393, 393211]","[341983, 378863, 623415]","[347684, 680568, 347684, 407527, 474293]","[36394, 256698, 612618, 36394, 168144, 311353, 805161]","[257331, 60987, 74692, 86862, 237721, 332506, 380226, 427165, 427165, 501850, 628339]","[300524, 300530, 333757, 393547]","[333756, 376057, 408916, 477397, 606074]","[36559, 246407, 605481, 36559, 193655, 466378]","[36315, 88703, 36315, 86712, 165263, 236133, 490945, 564946]","[606959, 84099, 165161, 191925, 373277, 642779, 760878, 813152]","[300529, 28694, 124623, 166830, 217234, 337229, 419701, 669243]","[225046, 244207, 681474]","[380223, 423310, 606184]"
chromosome=I,,"[72831, 149532, 149692, 82065, 82240, 190021]","[351, 152098, 152101, 159858, 180998, 351, 69808, 92589, 141859]",[181371],"[142741, 142744, 142747, 142750, 142795]",[73594],"[147685, 182442, 81826, 223892]","[166137, 166506, 69643]","[182565, 177194]",[220228],,"[142752, 142755, 142758, 180968, 182461, 45383, 82095]","[152084, 30057, 32781]",[139852],"[139156, 164370, 139156]",,,"[162688, 162688, 163960]","[332, 151316, 332, 92834]","[152037, 159935, 68582]","[156868, 70952]",[69550],,[1234],,,"[72631, 72864, 151692, 181236, 151692, 211063]",[142736],,"[92584, 220105]","[139259, 139259]",[177339],"[142702, 2626, 70939, 71256, 141661, 220360]","[181136, 45343]","[139399, 139401, 147593, 159852, 169227, 190096]","[32865, 69738]",,[20918],,"[139112, 139112]","[147599, 68486]",,"[141767, 210974]","[182541, 20891]",[211026],[190221],,,[152434],[177253],"[142873, 31425, 68320]","[70853, 140076, 149587, 29879, 70853, 177496, 220488]","[72927, 142733, 142739]","[142732, 68501]",,,,"[149719, 162635, 30098]",,[1358]
chromosome=III,,"[439, 78589, 177361, 439, 17329, 78589, 263030]","[14771, 127796, 14771, 14906, 16985, 50350, 127796, 163484, 228955]",[299119],,,"[110840, 138595, 177492, 16977, 236740, 238706]","[90014, 142843, 142843, 246884, 246887]","[78235, 157780, 238868, 303735, 307354]","[57817, 57817, 102059, 228896, 236440]","[112215, 50438]","[157440, 157860, 178403, 305575]",,,"[66051, 307352]",,"[110162, 127697, 127697, 197382]","[56739, 236463]","[112625, 168185, 178197]","[116443, 50316]","[90993, 90993, 163624, 246905]","[163476, 163564, 163887, 178311]","[228178, 262599]","[58227, 163888]",,,"[58187, 90954, 112466, 56635, 90954, 122723, 225151]",,[110769],"[127594, 127594, 262731, 305972, 316113]","[142902, 120808, 142902]","[14743, 78274, 162832, 14743, 78274, 197335]","[78571, 138862, 142835, 78571, 142835, 228754, 246579]","[78308, 90854, 78308, 90854]","[30875, 82730, 101422, 142803, 227885, 292981, 120850, 133736, 142803, 227885, 307501]","[112216, 142715, 142715, 163637, 163699]",,"[50638, 315769]",,"[50325, 91288, 197559]","[11150, 30828, 116503, 91289, 178459, 299427, 307380]",,"[11535, 30681, 78481, 162957, 78481, 163515, 178118]",,"[120830, 238906]","[90112, 100890, 102387, 137388]","[225438, 303930]","[56468, 133704, 307103]",,"[114277, 114277, 125393]","[14445, 78645, 14940, 78645, 122669, 133284]","[58055, 133507, 228961, 262843]",,[57699],"[101736, 107510, 110163, 133657]",[102219],,"[57642, 116295, 138845]",,"[30839, 56521]"
chromosome=Mito,,"[16859, 73146, 73146]","[678, 678, 2818, 2822, 9459, 11256, 35740, 36066, 77605, 79481, 678, 2818, 2822, 5422, 5426, 9459, 11256, 35544, 36066, 69798, 77605]","[73015, 81546, 35149, 35149, 73015, 81546]",,"[59713, 59713]","[414, 414, 9115, 10652, 11219, 12407, 20846, 29644, 30001, 30081, 46926, 47927, 50587, 50693, 52151, 53625, 60005, 67929, 75756, 83017, 84132, 9115, 11219, 11569, 11601, 12407, 12537, 14748, 16325, 20846, 29644, 30001, 30081, 31888, 35476, 35508, 43579, 46926, 50587, 50693, 52151, 53450, 53625, 58824, 67929, 75756, 75981, 76679, 84132]","[33076, 72741, 33076, 72741]","[14187, 14187]","[733, 733, 16997, 733]",,"[4553, 4553, 16633, 34492]",,,"[8020, 10999, 8020, 10999]","[53737, 33799, 53737]",,"[414, 414, 1951, 2711, 4590, 5942, 8425, 8980, 9526, 12487, 31113, 44801, 45028, 47446, 53944, 77123, 77240, 77724, 80287, 82953, 2711, 4590, 7135, 8425, 8980, 9526, 12487, 16325, 31113, 35508, 42959, 44801, 45028, 46463, 47446, 53944, 57653, 57809, 58435, 67263, 67540, 69589, 77724, 80287, 83774]","[214, 414, 474, 414, 474, 2168, 6086, 51001, 54029, 60905, 62350, 65517, 6086, 19564, 24068, 25087, 33753, 35505, 40530, 54029, 60905, 65517, 67437, 74540, 85532]","[8313, 20550, 64554, 84446, 8313, 18383, 35542, 35544, 46494, 53095, 64554, 71320, 83418]","[8124, 8124, 55276]","[13993, 13993, 30835]","[60032, 18047]",[20650],"[28315, 28315]",,"[81707, 15660, 40841]",,[43505],"[10855, 10855, 31213, 10855, 31213]","[5, 698, 707, 698, 707, 1081, 2214, 6366, 7437, 7444, 8396, 9148, 9232, 9322, 9324, 10870, 10934, 10870, 10934, 11174, 11236, 11271, 12129, 12412, 12418, 12459, 20374, 26019, 27945, 28204, 28226, 28259, 28288, 28290, 28382, 28384, 28391, 28393, 29649, 29658, 29686, 29688, 31092, 31330, 31339, 35939, 36327, 36408, 46614, 46634, 47362, 47522, 48068, 48070, 50823, 50979, 52156, 52285, 54040, 56619, 62309, 62400, 62691, 62698, 62691, 62698, 63073, 64325, 64712, 65622, 66783, 66925, 68150, 72873, 72879, 77036, 77038, 77160, 77225, 77550, 77812, 77826, 81293, 81302, 81309, 84022, 84024, 698, 707, 1081, 1151, 5007, 5011, 5062, 5064, 5071, 6366, 6970, 7009, 7090, 8396, 9148, 9232, 9322, 9324, 10870, 10934, 11174, 11236, 11271, 11361, 12129, 12412, 12418, 12459, 15878, 23885, 26019, 27945, 28204, 28226, 28259, 28288, 28290, 28382, 28384, 28391, 29649, 29658, 29686, 29688, 31092, 31424, 33656, 33716, 34733, 36327, 36408, 42929, 46144, 46355, 46614, 46634, 47362, 47522, 48068, 48070, 52156, 52285, 53191, 53395, 57069, 57731, 57983, 62691, 62698, 63073, 64712, 65622, 66783, 66925, 68150, 68713, 68785, 68796, 68798, 71145, 72873, 72879, 76021, 76054, 76460, 76697, 77550, 77812, 77826, 81216, 81253, 81255, 81293, 81302, 81309, 83700, 84022, 84024]","[20177, 51221, 65716, 81531, 65716, 81531, 83341]",[23610],"[81347, 81347]","[282, 323, 325, 282, 323, 325, 2159, 2674, 4441, 6355, 6357, 8323, 8889, 8946, 9158, 9160, 10221, 10488, 12424, 12426, 20365, 27949, 27951, 29672, 29928, 32908, 33058, 34099, 34101, 34118, 35912, 36347, 47385, 50876, 50880, 53600, 62596, 62650, 62652, 62650, 62652, 64354, 67794, 77170, 77172, 77554, 83144, 83157, 2674, 4441, 6355, 6357, 8323, 8889, 8946, 9158, 9160, 12424, 12426, 19225, 27949, 27951, 29672, 29928, 32908, 33058, 34099, 34101, 34118, 34737, 34739, 34789, 35050, 35348, 35550, 36347, 40284, 43163, 43499, 43658, 47385, 49266, 53600, 57083, 57720, 58849, 62650, 62652, 63821, 64354, 67794, 68808, 68810, 69934, 69961, 69963, 71159, 71161, 76709, 77554, 81220, 83144, 83157, 83854]",,,"[14722, 19455, 57851]",[19471],"[46641, 65625, 31435, 33667, 40748, 46358, 46641, 57915, 65625, 68807, 69952, 69954]","[331, 331, 4439, 4699, 6361, 35949, 36353, 46666, 48065, 53947, 64360, 64566, 68197, 77725, 80277, 83127, 83150, 4439, 4699, 6361, 21961, 34772, 34880, 36353, 40269, 40290, 41619, 46666, 48065, 53021, 53947, 64360, 64566, 68197, 68793, 68795, 77725, 80277, 83127, 83150]",,"[14087, 50981, 53879, 56457, 14087, 16427, 53879, 58466]",,"[132, 804, 29613, 33973, 43776, 47765, 50892, 53966, 54036, 62677, 62677, 64574, 79620, 79670, 82916, 804, 3038, 7248, 13784, 14606, 19683, 23568, 24058, 24148, 24978, 33973, 35495, 40817, 43732, 43776, 49335, 53966, 54036, 57175, 57660, 57882, 62677, 63935, 64574, 68705, 79620, 79670]","[2864, 11069, 12373, 28167, 45065, 66849, 67016, 73116, 77079, 81361, 82831, 84255, 2864, 5231, 11069, 12373, 28167, 43104, 43119, 45065, 55276, 55443, 57840, 66849, 67016, 73116, 81361]","[81347, 81347]","[65892, 65892]","[23683, 77444]","[2691, 4711, 6360, 8352, 8394, 9146, 9320, 10226, 10599, 10599, 12410, 27943, 28035, 28220, 28257, 28286, 32928, 48066, 50595, 53887, 56613, 61743, 62119, 62426, 62929, 64938, 66788, 68097, 77034, 77093, 83149, 1149, 2691, 4711, 6360, 8352, 8394, 9146, 9320, 12410, 23510, 24139, 27943, 28035, 28220, 28257, 28286, 32928, 33714, 35532, 36837, 40289, 42925, 43135, 46454, 48066, 49014, 50595, 53887, 55559, 55580, 57067, 57723, 57725, 61743, 62119, 62929, 64938, 66788, 68097, 68794, 69365, 69768, 69803, 69920, 76015, 79835, 81249, 81251, 83149]",,"[60519, 76772]",,"[53670, 53721, 82856, 35138, 35138, 40412, 53670, 53721]","[4553, 4553]","[28150, 65074, 73133, 81353, 82820, 84238, 28150, 65074, 73133, 81353, 85589]",,,"[41427, 64787]","[56627, 56634, 81590, 81597, 19666, 81590, 81597]"
chromosome=V,,"[86840, 355061, 438731, 469488, 100597, 303718, 355061, 438731, 462407, 467927]","[52923, 152786, 266976, 16059, 152786, 265807, 295234, 432902, 433165, 462264, 522965]","[487508, 573625, 123227, 132683, 291830, 335628, 400956, 487508, 573625]","[575430, 123293]",,"[79236, 176974, 176997, 363403, 423888, 18857, 33897, 176974, 176997, 202198, 242119, 280910, 396264, 491930]","[79449, 148061, 266707, 46694, 85100, 237446, 268564, 396253, 576726]","[118004, 131070, 150601, 6166, 118004, 131070, 159514, 287371, 303695, 311655, 559024]","[3092, 69081, 140679, 504188]","[355093, 284638, 355093, 386137]","[78182, 86833, 122620, 146229, 152222, 354636, 573738, 573885, 68571, 68709, 77554, 152222, 222922, 264486, 264654, 265861, 409611, 560512, 573738, 576697]","[79218, 79221, 79224, 79227, 79230, 250263, 574216, 42156, 250263]","[438615, 438615]","[122416, 23502, 225513, 287210, 560614]","[177229, 177229, 343565]","[140245, 202069, 260454, 287145]","[122347, 140233, 150733, 152729, 434821, 492629, 152729, 237437, 434821, 435541]","[79370, 122660, 177190, 573531, 23657, 177190, 238068, 261407, 264624, 343320, 522789, 573531]","[3742, 152003, 207594, 66936, 152003, 291920, 492056]","[2940, 78413, 573540, 77681, 242128, 261705, 342690, 350011, 573540, 576821]","[100236, 145431, 23709, 68733, 100236, 280814, 342582, 400887, 422675, 463455]","[3654, 100164, 288476, 355062, 571187, 8, 42420, 223056, 266062, 288476, 355062, 434393]",[242162],"[52847, 62018, 312157, 192107, 264230, 343631, 503804]",[576676],"[118056, 151020, 322188, 42213, 80481, 85075, 118056, 123395, 242285, 242408, 303525, 303608, 322188, 467923]",[2933],"[149961, 268542]","[51883, 152780, 269425, 424640, 443138, 152780, 201996, 225656, 298382, 386414, 522977]","[100332, 140324, 149860, 207433, 100332]","[312205, 574526, 69222, 115933, 221619, 298724, 335457, 422644]","[207381, 268318, 284519, 463548, 463551]","[122771, 140214, 576205, 132679, 335617, 335835, 545187]","[62172, 100318, 152998, 68977, 100318, 152998, 268318, 396332, 517906]","[53127, 61904, 86460, 100143, 69266, 86460, 342480, 422646, 433028, 490961]","[117755, 545152, 559386]","[100172, 118232, 135453, 423990, 424321, 435780, 442056, 575410, 117752, 135453, 435780, 442056, 467959, 491202]","[67670, 238049, 261518, 335610]","[123480, 225784, 225792]","[150071, 354916, 435569, 435862, 100527, 132788, 343468, 354916, 435569, 435862]",,"[887, 1063, 354712, 431202, 438698, 469455, 69, 85472, 335439, 342667, 400870, 400985, 438698]","[575568, 13404, 85178, 284635, 504077]","[131180, 131180, 202154]","[52832, 53141, 79343, 312059, 42103, 222262, 222508, 242516, 311440, 350005, 396545, 422717, 573263]","[3249, 576246, 222519, 281137, 491217]","[131212, 151023, 131212, 174715, 265982]",[322035],"[135235, 238273, 295330]","[3246, 145950, 150518, 77794, 123506, 238307]","[53007, 53053, 149789, 150366, 152904, 306775, 100382, 152904, 202202, 342426, 432801, 517584, 522911, 570467, 570530]",,"[42089, 69427, 192282, 396613, 463569, 490963]","[51841, 61847, 100140, 118034, 424083, 118034, 132907, 311684]","[159424, 335690, 335712]","[153122, 434970, 258246]","[46784, 68656, 85451]","[150230, 250379, 397310, 431414, 250379, 545559]",[409459]
