,filter_0,filter_1,filter_2,filter_3,filter_4,filter_5,filter_6,filter_7,filter_8,filter_9,filter_10,filter_11,filter_12,filter_13,filter_14,filter_15,filter_16,filter_17,filter_18,filter_19,filter_20,filter_21,filter_22,filter_23,filter_24,filter_25,filter_26,filter_27,filter_28,filter_29,filter_30,filter_31,filter_32,filter_33,filter_34,filter_35,filter_36,filter_37,filter_38,filter_39
chromosome=I,[190049],[223796],"[20958, 68220, 69702, 92417]","[45345, 70930]","[190014, 223791]","[29746, 29748, 69816, 69818, 69819, 69820, 69821, 220443]",,"[70903, 70906, 71116]",[189826],[205594],[223657],,,,,"[141903, 151479]",[169272],"[31115, 31117, 31119, 31121, 31123, 31493, 31495, 31497, 139096, 169216, 169218, 169222, 169224]",,"[20958, 68612, 69660, 71074, 169164]","[68220, 168996]","[69818, 69819, 69820, 69821, 69822, 69827]",[69732],"[69818, 69821, 92592, 141640]","[45268, 69562, 223795]","[151488, 151489, 151491]","[92438, 177344]",[2481],"[69669, 69706, 69707, 70900, 70903, 70904, 70905, 70906, 70907, 71100]","[31056, 31248, 169006]","[31243, 68610, 69661, 69670, 70904, 71100, 71106, 223711]","[68350, 177438, 189839, 211154]","[31243, 68220, 69661, 69707, 70904, 71106, 71110, 92417]",[151706],,,[169139],,"[141640, 151547]",[139081]
chromosome=II,"[193770, 193778, 490638]","[145949, 191862, 281210, 342000, 373184, 452272, 564802, 564990, 593125, 662428]","[45121, 45240, 63660, 63662, 140651, 238094, 281096, 338567, 391574, 407316, 415696, 423432, 452267, 466220, 466482, 466483, 537697, 565044, 662425, 680211, 680216, 680341, 681993, 681998, 760685, 761054, 761128]","[101396, 164269, 203206, 217250, 405985, 452296, 477147, 606071, 680180, 680186, 813140]","[36565, 84526, 193677, 193778, 337041, 606071, 680186]","[60939, 338210, 338216, 339270, 339448, 339449, 392335, 393264, 415757, 415758, 415759, 415760, 415761, 415763, 415764, 415765, 415769, 429272, 452435, 477496, 477502, 477504, 477510, 477516]","[193775, 604171]","[5580, 5619, 62776, 63666, 74873, 145898, 145899, 145900, 145901, 145902, 145903, 145904, 145905, 145906, 426989, 426991, 426992, 426993, 452272, 537634, 561216, 561219, 561221, 561222, 561223, 561255, 668476, 681870, 681991, 681992, 681996]","[36782, 74811, 125004, 202373, 203509, 237674, 408684, 537786]","[191885, 235928, 342250, 623165]","[145997, 217351, 278797, 347405, 369191, 373235, 423078, 429335, 586172, 620778]",,"[8322, 278613, 427433, 452480, 466450, 490947, 799052]","[126620, 512617, 761011]","[280925, 373314]","[61179, 405722, 565137, 623434]","[45473, 281048, 307339, 393009, 393210, 515416, 565133]","[193544, 474304, 490552, 595979]","[452515, 668563]","[281091, 307442, 342249, 423384, 466227, 536369, 681988, 812990]","[96032, 392509, 449615, 466482, 490816, 490881, 501810, 565021, 624953, 761127]","[60931, 165009, 165033, 339449, 339458, 339460, 392335, 393189, 393191, 393193, 415756, 415757, 415758, 415759, 415762, 415763, 415764, 415765, 452434, 452435, 452437, 452472, 452474, 477504, 477508, 602108, 602369, 625121, 628342, 628344, 628352]","[501913, 593001]","[45064, 166806, 311460, 339449, 375865, 393260, 393261, 415758, 415759, 415760, 415763, 452423, 452472, 477553, 490770, 561363, 602129, 623301]","[8458, 36528, 61146, 164153, 167947, 191757, 202508, 338624, 380234, 426802, 561357, 799066, 804975]","[36349, 145894, 145897, 197600, 307355, 561220]","[375958, 813080]","[45240, 336847, 360253, 378863, 391573, 466471, 537695, 555248, 555249, 564987, 605992, 668613, 798768]","[45240, 63661, 63667, 96287, 145897, 145898, 145899, 145900, 145901, 145902, 145903, 145904, 145905, 145906, 145907, 145908, 145909, 145910, 238314, 393339, 423385, 423386, 423432, 452268, 452269, 561215, 561216, 561217, 561219, 561220, 561221, 561222, 561223, 561226, 668475, 681989, 681991, 681992, 681993, 681997, 681998, 682003]","[61016, 135867, 140444, 168133, 238355, 278504, 342442, 376104, 378881, 490894, 501539, 586462, 592910]","[89759, 145897, 342250, 391571, 423384, 423385, 452267, 561220, 593122, 642920, 662430, 761121, 799180]","[61016, 96227, 159864, 326777, 342442, 381715, 392744, 405867, 501538, 555251, 565047, 595711, 681872, 760767]","[45121, 63659, 63661, 96032, 391572, 391574, 391575, 407304, 407312, 407316, 423385, 423387, 423432, 452267, 466219, 466478, 466482, 544763, 561229, 565042, 680216, 682003, 760685, 760688]","[117208, 124627, 474064, 477594]","[159791, 236142, 338538]","[145832, 159693, 217428, 236086, 237458, 311718, 392370, 537745, 662871, 682118]","[117200, 136218, 192025, 278374, 326789, 336917, 427307, 504547, 515352, 589322, 604564]","[342255, 392578, 449592, 564815, 586332, 595670, 604323, 642992, 680237]","[124875, 203389, 280998, 378615]","[45137, 281172, 392742, 415620, 555380, 564987, 623404, 798773, 805318]"
chromosome=IV,"[62211, 461515, 636211, 636276, 806418, 1528735]","[9988, 115971, 132108, 205669, 366253, 411333, 432272, 520860, 601653, 682021, 868025, 892590, 894303, 945893, 1049470]","[221877, 357037, 357038, 357042, 366254, 369170, 369271, 369278, 369283, 369284, 421836, 461750, 512145, 551109, 562896, 636375, 690687, 867989, 894222, 911640, 1011962, 1011980, 1084683, 1084819, 1135688, 1162398, 1213753, 1242541, 1242546, 1242547, 1242552, 1242553, 1269810, 1269811, 1522869]","[133021, 432162, 432171, 432174, 568989, 579271, 636284, 721755, 769277, 806421, 806424, 866809, 894043, 894167, 894207, 894210, 927067, 1011831, 1056072, 1056087, 1080889, 1278838, 1278847, 1279802, 1420711, 1429384, 1525761, 1528537]","[9968, 148151, 411504, 591887, 636287, 636294, 866797, 866803, 894052, 894054, 894194, 980981, 1050307, 1056072, 1056078, 1242337, 1242434, 1359680, 1429378]","[76723, 76725, 76733, 126512, 126513, 126518, 126519, 126520, 126521, 126522, 126524, 126525, 126526, 126527, 126528, 126529, 126530, 126531, 126532, 126533, 126534, 126535, 126536, 126537, 126538, 126539, 126540, 126541, 126542, 126543, 126544, 126549, 315072, 361608, 411533, 411542, 452851, 519895, 519896, 519897, 519898, 519899, 519900, 579258, 591587, 591596, 630827, 811877, 884563, 884566, 884567, 884568, 884569, 884570, 884571, 884572, 892694, 892695, 892696, 892697, 892698, 892699, 892700, 892701, 892702, 892703, 892704, 892705, 892706, 892707, 892708, 892709, 892711, 909721, 909722, 909723, 909724, 909725, 911344, 911353, 954021, 1013722, 1013728, 1157325, 1278690, 1428988, 1428994]","[98097, 307977, 315234, 593689, 765235, 946155, 1385631]","[14020, 116123, 158938, 369257, 369258, 369259, 369260, 369261, 369263, 369264, 369265, 452901, 452904, 452907, 452908, 452913, 543704, 543705, 543706, 721721, 721726, 721727, 1015992, 1189798, 1242273, 1242276, 1469090, 1469091]","[94273, 217194, 657444, 693375, 969726, 1279003]","[212935, 234363, 264251, 359512, 538792, 543705, 693490, 768135, 867966, 979275, 979555, 981003, 1084763, 1084864, 1150794]","[13726, 13734, 159113, 227314, 232258, 264346, 378378, 461388, 680159, 681792, 946143, 974522, 1087089, 1239371, 1502162]",,"[133007, 322029, 369030, 562861, 909746, 1056242, 1476855]","[156182, 341409, 543819, 601572, 769881]","[76780, 107292, 544333, 593554, 636264, 765613, 911503]","[83324, 134932, 240145, 358072, 449569, 449769, 488954, 538741, 930963, 1201670, 1201829, 1229822, 1236223, 1239038, 1362307, 1385794, 1429062]","[42318, 232309, 357109, 576308, 600538, 657480, 657564, 927228]","[147682, 147686, 240131, 240133, 240135, 240137, 444479, 444485, 538727, 538729, 538733, 538735, 538737, 538739, 538741, 538743, 538745, 681967, 681969, 681973, 930957, 930959, 930961, 930963, 930965, 974323, 1239026, 1239030, 1239032, 1239034, 1239036, 1239038, 1239040, 1434687, 1450844]","[135038, 1201862]","[74305, 221872, 369283, 392403, 562607, 721679, 721693, 765409, 868021, 1238942, 1242546, 1345317]","[77074, 126337, 126340, 126343, 126349, 147815, 148139, 148145, 148151, 172569, 330650, 330671, 368992, 369170, 369293, 461484, 465203, 551114, 636375, 769253, 868080, 894219, 894224, 909625, 914972, 930650, 1016301, 1016304, 1017031, 1050061, 1050061, 1162416, 1165113, 1183143, 1242540, 1477133, 1526987, 1528591]","[42504, 126512, 126517, 126518, 126519, 126520, 126521, 126522, 126523, 126524, 126525, 126527, 126528, 126529, 126530, 126531, 126532, 126533, 126534, 126535, 126536, 126537, 126538, 126539, 126540, 126541, 126542, 126543, 126551, 126553, 315071, 359674, 359675, 361601, 411528, 411533, 411560, 452851, 519896, 519897, 519898, 519899, 591587, 591589, 591590, 591596, 630825, 770119, 884566, 884568, 884569, 884570, 884571, 884572, 892695, 892697, 892698, 892699, 892700, 892701, 892702, 892703, 892704, 892705, 892706, 892707, 892708, 892709, 892710, 909721, 909722, 909723, 909732, 909734, 911337, 911340, 911350, 927337, 954021, 1428992, 1428993, 1428994, 1428997]","[132715, 413512, 699729, 1080889, 1214090]","[76725, 126527, 126530, 126532, 126534, 126536, 126542, 411534, 506214, 521057, 546350, 630824, 630825, 630826, 630827, 770055, 884485, 884569, 884571, 909715, 909718, 909721, 911329, 911339, 911342, 927309, 927331, 1242406, 1428988]","[130874, 227183, 227314, 228833, 357214, 357423, 358190, 361617, 506099, 512383, 543752, 544333, 546139, 550921, 591741, 600263, 601777, 619805, 690878, 884372, 930714, 1011835, 1016255, 1056242, 1135662, 1156675, 1162314, 1213969, 1229427, 1233655, 1236268, 1362548, 1468767, 1496546, 1507370, 1507477]","[94493, 378812, 413539, 452914, 471771, 542558, 579236, 690555, 884293, 930807, 1189976, 1229751]","[148151, 205888, 437831, 836188, 866884, 1050106, 1050106, 1490365]","[77074, 117447, 126343, 134891, 148145, 378628, 421688, 512397, 538999, 591721, 616325, 699738, 721905, 866806, 894210, 894216, 1016301, 1075592, 1183114, 1213641, 1239102, 1345234, 1468651, 1490203, 1490287, 1490326]","[14014, 116125, 156212, 330623, 369257, 369258, 369259, 369260, 369261, 369262, 369263, 369264, 369265, 369266, 369267, 369268, 369272, 369276, 369278, 392430, 452904, 452907, 452908, 452910, 452912, 452922, 463391, 463404, 562889, 616656, 721718, 1242277, 1256982, 1269810, 1345317, 1345326, 1469092]","[74021, 131871, 258436, 366267, 410369, 416929, 452575, 506374, 551018, 653438, 812086, 954313, 955125, 976496, 1049747, 1049747, 1050361, 1095337, 1214044, 1242292, 1434434, 1531578]","[10034, 94495, 117673, 130728, 132055, 133119, 369232, 392422, 461467, 569061, 721679, 893945, 979497, 1015982, 1080909, 1162403, 1421018, 1524797]","[212944, 366578, 392357, 392526, 449809, 452925, 461439, 461749, 568871, 653210, 765272, 769087, 769106, 892500, 892586, 1017209, 1195223, 1362363, 1477114]","[14010, 357041, 366253, 366259, 368992, 369266, 369270, 369278, 369282, 369284, 369288, 421835, 463398, 562608, 562895, 562897, 765412, 765413, 867985, 867994, 868004, 954189, 1011967, 1084820, 1135688, 1135691, 1162403, 1213752, 1242540, 1242541, 1242546, 1242547, 1242552, 1269811, 1345317, 1531690]","[117396, 134755, 308344, 892392, 946220, 1095518, 1135808, 1166759, 1459786]","[134859, 330936, 652499, 699729, 1242522, 1490334, 1528537]","[158782, 302822, 1362642]","[366330, 463132, 506052, 755291, 836250, 909579, 1080603, 1269962]","[232562, 330960, 361247, 369241, 392455, 616448, 693524, 811709, 909615, 955330, 981173, 1017190, 1049661, 1183114, 1477006]","[74274, 74275, 232294, 315072, 366543, 488972, 521047, 543846, 616490, 699809, 770047, 911331, 911342, 950157, 954021, 1095513, 1196582, 1267207]","[13853, 61736, 126188, 132246, 206056, 366316, 521284, 601651, 644056, 976469, 992803, 1080739, 1157398, 1165269, 1257227, 1267111, 1345612, 1355894]"
chromosome=IX,[3261],"[138210, 150381, 216099]","[41590, 41591, 138606, 139571, 139578, 177554, 187810, 187830, 241043, 249152, 249153, 380689, 389252, 389256, 389371, 394653]","[7955, 197618, 382271, 439648, 439814, 439854]","[5284, 5293, 41636, 240957, 257425]","[19085, 19086, 76001, 76003, 76005, 102524, 102525, 102526, 102537, 150069, 241189, 241190, 241191, 241195, 291803]",,"[6778, 7723, 7723, 22116, 175248, 187821, 187822, 187823, 187824, 187825, 187826, 241029, 241031, 241032, 241033, 241034, 241035, 241036, 241037, 241038, 241039, 241040, 355923, 380937, 380938, 380939]","[3308, 394991, 439793]","[150199, 258485]","[7629, 22289, 41710, 142511, 338012, 382362, 388370]",,"[9506, 138651, 292090]",[254233],[9506],"[7687, 7687, 177449, 177479, 241274, 270634, 388993]","[3125, 99694]","[7582, 177457, 177459, 177461, 177463, 177467, 177469]","[142069, 380864, 380865]","[33108, 177552, 187819, 384277, 389344]","[177554, 177557, 249151, 249152, 332732, 382097, 389255]","[19085, 76006, 102523, 102524, 102525, 102526, 102527, 102536, 102537, 241187, 241189, 241190, 241191, 241192, 241195, 249408, 249410, 249411]","[249220, 338002]","[102525, 241187, 241189, 241191, 291804]","[3863, 5180, 32964, 76437, 141921, 141943, 215954, 247995, 254193, 254561, 257325, 291814, 292094, 389134, 389281, 439698]","[6973, 187820, 241033, 355649, 355694, 355922, 355923]","[177643, 258170]","[356, 9470, 19189, 177554, 207525, 380843]","[130320, 139577, 139578, 139579, 141838, 187815, 187819, 187820, 187821, 187822, 187823, 187824, 187825, 187826, 187827, 241029, 241030, 241031, 241032, 241033, 241034, 241035, 241037, 241038, 241040, 254482, 257456, 380690, 380933, 380935]","[19189, 41487, 268207, 380592, 382533]","[142419, 187820, 241939, 380929, 384277, 389348, 389367]","[3289, 6738, 22116, 22118, 132203, 138269, 177536, 247588, 257481, 337939, 389022, 389258, 394664]","[139578, 177554, 177559, 187829, 187831, 187833, 249151, 292061, 338043, 389255]","[142707, 249358, 268338]","[254375, 380579]",,"[19019, 150335, 215956, 241872, 384367, 386825, 386835, 439693]","[3786, 93554, 268005, 291975, 380648]","[249416, 386884, 388626, 420826]",[187703]
chromosome=V,"[123293, 573552]","[18696, 67027, 77579, 132952, 152113, 202163, 295375, 433032, 492177, 517819]","[46494, 151426, 151431, 152115, 153026, 211999, 212002, 222924, 237171, 258170, 258176, 258217, 268333, 268335, 284536, 284538, 462226]","[69429, 85164, 159444, 177125, 192194, 261717, 335692, 354960, 442164, 442262, 545186, 545315, 545321, 570614, 573354]","[42094, 42095, 42264, 311600, 396491, 396494, 545314]","[16058, 16060, 34079, 34081, 34084, 34087, 34088, 34090, 80335, 80338, 86686, 86688, 115956, 115958, 115961, 152797, 238192, 386274, 433168, 433170, 462274, 491083, 491095, 522950, 522952, 522956, 522958, 522962, 522970]","[434831, 517651]","[6293, 6395, 6412, 86485, 86487, 86488, 86489, 86490, 100570, 100573, 100577, 100578, 100579, 100580, 221810, 221816, 221817, 261464, 261467, 261469, 268338, 268339, 322131, 522828, 545358, 545360, 545365, 545366, 545368, 545370]","[23749, 194744, 545580]","[13421, 131401, 435655]","[16307, 23715, 33947, 131037, 202136, 238094, 322179, 396686, 434819, 438657, 560264]",,"[42082, 69415, 132866, 281145, 295265, 311531, 349878, 396494, 409649, 545311]","[153061, 222113, 268640, 311607]",,"[151965, 280862, 281048, 335475]",[223141],"[68966, 68970, 225772, 225774, 225778, 225780, 225782, 225786, 225790]","[16257, 264477, 281202]","[211995, 258174, 261435, 287188]","[23604, 69124, 69129, 116027, 116033, 153023, 159237, 174760, 222128, 225551, 386323, 545174, 545192, 545194, 573408]","[34080, 34081, 34086, 34087, 34088, 34090, 80335, 86679, 86688, 115956, 115958, 115959, 115960, 115961, 152799, 433171, 462284, 491083, 491086, 522952, 522953, 522955, 522956, 522961, 522962, 522969]","[85083, 201813, 202227, 221576, 222403, 409727, 559000]","[34082, 34086, 80338, 86679, 86681, 238188, 295269, 400973, 491095]","[23616, 23737, 69239, 85227, 123396, 192038, 280808, 291939, 386277, 400887, 422920, 442286, 560628]","[100569, 100570, 100571, 100572, 151995, 152000, 202088, 202089, 261461, 261468, 303413, 492177]","[222262, 288453, 576757]","[133, 16272, 69146, 85405, 123183, 135412, 159237, 225593, 237069, 261535, 284726, 386323, 545177]","[69358, 86486, 86487, 86488, 86489, 86490, 86491, 100570, 100571, 100573, 100574, 100577, 100579, 100580, 152041, 153026, 194691, 212007, 212010, 221811, 221813, 225394, 225398, 261462, 261463, 261464, 261465, 261466, 261467, 268336, 268339, 284536, 409568, 422740, 503928, 503929, 503930, 545347, 545351, 545357, 545363, 545366, 545367, 545368, 545369, 545371]","[85391, 202173, 242256, 261411, 268602, 281205, 311702, 576395, 576762]","[33785, 66821, 85427, 100571, 100572, 123129, 211995, 225386, 225398, 261461, 261749, 268372]","[13570, 42291, 159244, 322264, 487470, 545284, 545471]","[46490, 69051, 86492, 100580, 123130, 152097, 152114, 152642, 152651, 211998, 211999, 225398, 237171, 258216, 268334, 284537, 545176, 545177, 545178, 545179, 545431, 576504]","[80329, 242400, 242461, 250195, 342403, 396652]","[311690, 335726, 573354]","[34060, 202062, 491287]","[177252, 242179]","[16201, 18744, 225593, 487249]","[13532, 131211, 335387, 491931, 492026]","[117756, 117790, 222111, 287355, 288432, 504184]"
chromosome=VII,"[324781, 766312]","[205361, 371321, 412619, 413339, 555155, 609719, 802100, 1050197]","[76704, 124373, 147772, 147777, 196487, 325115, 397832, 485304, 531320, 581617, 591700, 599000, 599002, 609307, 653433, 677848, 677849, 733337, 811160, 914927, 976900, 1004127]","[159335, 190972, 328609, 398050, 531635, 541876, 598969, 625487, 625490, 650826, 661951, 726731, 739266, 809887, 1084639]","[159335, 159338, 166052, 324662, 325019, 398008, 438568, 547262, 625373, 625385, 625490, 625493, 650895, 661957, 766316, 987327]","[167742, 281597, 310738, 401286, 420779, 428252, 428254, 428255, 428256, 438821, 438825, 589436, 616165, 616171, 640611, 640613, 640614, 640615, 640616, 640617, 640618, 640619, 640621, 640622, 640623, 640624, 640625, 640632, 653216, 653218, 653220, 653222, 653230, 677807, 677808, 677812, 678054, 678057, 678058, 678059, 678060, 678061, 678062, 678063, 678064, 678065, 678066, 678067, 678073, 726530, 733102, 733103, 733106, 823781, 823784, 823785, 823786, 823796, 951309, 951315, 951322, 951328, 951330, 987346, 1010879, 1010880, 1010881, 1010882, 1010884, 1010885, 1010886, 1010887, 1010888, 1010894, 1011785, 1011786, 1011788, 1011791, 1011792, 1011793, 1011801, 1011809, 1021958, 1021960]","[405318, 599096, 726877, 739853]","[76709, 76710, 228615, 397827, 397828, 397834, 397840, 397841, 438693, 496730, 555164, 609721, 707044, 707047, 1010988, 1050192, 1050193, 1050194]","[420940, 478927, 555221, 581676]","[95157, 107606, 208489, 287349, 328753, 330619, 440033, 528500, 591762, 649106, 878709, 884503]","[94956, 107739, 156135, 156139, 156151, 277098, 281281, 281597, 319611, 328678, 366003, 405306, 405659, 609159, 615883, 649241, 703099, 930795]",,"[23514, 123647, 226222, 384638, 398132, 439814, 591550, 592941, 754398, 766386, 951316]","[107937, 433487, 479087, 547465, 774697, 788842, 836966, 974232]","[123429, 599143, 976994, 989993]","[156121, 156125, 166272, 185913, 321484, 427208, 534835, 576584, 713312, 739853, 785437, 915186, 990224, 1021932]","[157648, 277252, 310888, 576908, 801947, 1069532]","[156105, 156107, 156109, 156111, 156113, 156115, 156117, 156119, 156121, 156123, 156125, 156129, 156133, 156137, 321482, 321484, 321486, 366193, 428396, 779890, 993770, 1052552]","[95659, 401265, 555294, 785633]","[147761, 148027, 156480, 230170, 397817, 397831, 412204, 437312, 437338, 581617, 930929, 976877, 1000380, 1004132, 1011070, 1052162, 1052493]","[324801, 438691, 483370, 576641, 581617, 650862, 733447, 856938, 894638, 905457, 930938, 987079, 987258, 1010988]","[167754, 196574, 196581, 401286, 413608, 420788, 428248, 428252, 428253, 428254, 428255, 428256, 428257, 616171, 616172, 640611, 640613, 640614, 640615, 640616, 640617, 640618, 640619, 640620, 640621, 640622, 640623, 640624, 640625, 640633, 653218, 653220, 653221, 653222, 677807, 677809, 677810, 677812, 678056, 678057, 678058, 678059, 678060, 678061, 678062, 678063, 678064, 678065, 678066, 678072, 678073, 678074, 702712, 733100, 795702, 823738, 823739, 823781, 823784, 823795, 823958, 951320, 951326, 951330, 1010877, 1010879, 1010880, 1010882, 1010883, 1010884, 1010885, 1010886, 1010887, 1010888, 1010900, 1011789, 1011790, 1011791, 1011792, 1011793, 1011795, 1011801, 1011803, 1081033]","[324754, 485359, 547448, 599039, 677874, 707117]","[84271, 226226, 226230, 226232, 428248, 428252, 428254, 428256, 616162, 640607, 640609, 640611, 640614, 640616, 653215, 653221, 677812, 678056, 678058, 678063, 678065, 678066, 678067, 713529, 731252, 733100, 733103, 733106, 733153, 795696, 810063, 823784, 951322, 951324, 987349, 1010882, 1010885, 1010887, 1010894, 1011791, 1011792, 1011793, 1021959, 1081031]","[95124, 147971, 197500, 205773, 288287, 324687, 398081, 439818, 541813, 555254, 576921, 581750, 584494, 589436, 702823, 739707, 766386, 785786, 795965, 856772, 856831, 878839, 905588, 920131, 978014, 1025967, 1050329]","[366188, 366190, 397834, 397835, 412624, 428410, 496948, 555341, 878684]","[700964, 766564, 772176, 1050355, 1090823]","[144631, 206481, 277371, 371191, 412558, 437154, 591452, 625296, 650862, 703069, 905406, 987243, 987258]","[73802, 76709, 76710, 76711, 147772, 166272, 167622, 167623, 167624, 167633, 190779, 230116, 287228, 397820, 397821, 397822, 397826, 397827, 397828, 397831, 397832, 397833, 397834, 397835, 397836, 397837, 412614, 412623, 496855, 598991, 598994, 609415, 609722, 701095, 707039, 707042, 807863, 807865, 807866, 807867, 878683, 951277, 974128, 974300, 990312, 1000388, 1000396, 1004134, 1010956, 1010983, 1010986, 1010989, 1011073, 1050192, 1050195]","[76561, 107712, 271486, 277230, 544568, 557837, 557982, 576646, 702900, 739111, 739459, 824063, 878582, 1063052, 1090461, 1090828]","[147757, 147776, 148027, 288479, 328453, 366351, 397819, 397831, 397832, 412624, 555345, 584044, 701187, 779547, 795604, 807888, 930926, 974128, 990262, 1000376, 1000388, 1004127, 1025863, 1026824, 1052480]","[84448, 107694, 124380, 149049, 185567, 190743, 228389, 228663, 310571, 321785, 405459, 413498, 427134, 591611, 593077, 615900, 733332, 788337, 788592, 788592, 836743, 920034, 1004134, 1010989]","[76713, 124374, 147758, 397820, 397832, 397836, 426912, 483751, 485305, 555345, 581617, 581620, 598992, 598998, 616098, 649082, 733448, 733452, 807866, 807867, 807871, 930930, 930931, 976900, 976905, 1000380, 1000388, 1010956, 1026824, 1052160, 1052480, 1090570]","[107966, 319687, 366016, 405383, 555125, 707164, 772292, 802223]","[167597, 325022, 371128, 371466, 531497, 592657, 739529]","[157388, 366379, 440904, 993930, 1069234]","[84567, 398037, 978034]","[144879, 149049, 185649, 287241, 328451, 412558, 420705, 440038, 485571, 531788, 589682, 591611, 726573, 730930, 733332, 807905, 878445, 951186, 976913, 993702, 1026910]","[186013, 196601, 281543, 281549, 310729, 310903, 319834, 321547, 433249, 438999, 485410, 534859, 535174, 592744, 649000, 733485, 810917, 823976, 930880, 1052254]","[20475, 23470, 287339, 433406, 433438, 440077, 440877, 478668, 528490, 528495, 766192, 785376, 905260, 920065]"
chromosome=VIII,[559069],"[4741, 297284, 298694, 505845, 550433, 551767]","[98264, 98268, 125831, 236406, 255897, 255907, 360532, 374526, 375399, 375401, 389099, 422797, 422802]","[67760, 236479, 280348, 422700, 554174, 556954, 557280, 558871, 562461, 562492, 562494, 562504, 562513, 562578]","[48470, 172936, 293537, 550428]","[38623, 38628, 38631, 38636, 38642, 38643, 38644, 54381, 56412, 149016, 175485, 206303, 541045, 562379]",[551982],"[94, 5427, 48217, 48220, 48231, 48217, 48220, 48231, 75442, 125833, 125834, 125840, 170620, 173119, 173120, 173121, 173122, 173123, 173133, 173134, 360783, 396947, 475549, 488370, 488371, 488372, 517406, 551717, 554053, 554059]",,"[237798, 238017, 455716]","[5350, 56377, 175265, 206189, 255801, 280531, 299020, 299028, 550293]",,"[190367, 293537]","[75254, 98189, 255919, 380004, 517492]",[298847],"[5408, 105627, 170583, 227452]",,"[5303, 175429, 175431]",,"[48098, 48098, 75104, 75112, 173316, 238075, 255902, 289313, 298698, 360516, 389085, 401090, 505930, 562432]","[48214, 48226, 48229, 48232, 48214, 48226, 48229, 48232, 54433, 148931, 289293, 289513, 297349, 374311, 374531, 455692, 455875, 505781, 552039, 552042, 552053, 558925]","[38622, 38623, 38627, 38628, 38629, 38631, 38632, 38633, 38634, 38637, 38643, 38644, 54381, 54387, 54388, 237734, 289241, 290376, 361881, 361912, 379861]","[204377, 396985, 505773]","[38617, 38622, 56408, 126139, 206292, 206294, 206296, 380136, 450774]","[59, 17670, 54646, 116208, 170781, 204487, 236343, 289636, 290394, 297619, 379837, 450765, 462344, 523140, 550432]","[89, 105635, 105641, 173117, 173176, 396946, 396947, 455849, 554069]","[562279, 562403]","[314, 4831, 104310, 204195, 267184, 289315, 289513, 293847, 505653, 517591, 552042]","[91, 48098, 48099, 48098, 48099, 75114, 75181, 75423, 75441, 98268, 125825, 125830, 125835, 125838, 125841, 170617, 170622, 173117, 173119, 173120, 173122, 173123, 173134, 173138, 289316, 360518, 360530, 375507, 396843, 396943, 401092, 475554, 550346, 550348, 551719, 551720, 554058, 554066, 554072]","[170916, 190533, 204331, 236524, 289296, 289315, 558585, 562284]","[67605, 125829, 173117, 204251, 422788]","[47868, 54737, 149105, 151175, 151253, 375407, 375412, 389041, 396767, 422684, 517492, 531757]","[54720, 67611, 97985, 98264, 125830, 125831, 360524, 375400, 375402, 375404, 422788, 422793, 422794, 422802, 505930, 550348, 551743, 552032]","[18433, 173026, 290337, 517303, 554103]","[98379, 558871]",,"[54648, 170832, 293602, 517322, 551984, 551995]","[151253, 280424, 362069, 401141]","[18377, 190362, 237741, 280377, 289224]","[17494, 104310, 400921, 466689, 488372, 505629, 522842, 550700]"
chromosome=X,[3244],"[220286, 224138, 265394, 380943, 466502, 555151]","[224107, 265438, 337508, 445865, 523902, 523986, 523990, 525783, 525786, 703394]","[3700, 7938, 126774, 136087, 204760, 333034, 355481, 402442, 609110, 623184, 623196, 623198, 639537, 745667, 745669]","[524019, 623196, 639537]","[19067, 19068, 60680, 60682, 60683, 60684, 113470, 160303, 160304, 160306, 160307, 265751, 278638, 550141, 662890, 731756, 731764]",[294553],"[6761, 7706, 7706, 59054, 106399, 154830, 391797, 523904, 523905, 525773, 525774, 525775, 525777]","[3291, 361047]","[220503, 220553, 224112, 355329, 436396, 445951, 455183, 524041, 542923, 609285]","[7612, 113738, 150723, 374613]",,"[9489, 90368, 360982, 360991, 623184]","[36524, 69131, 111756, 381048, 521842]","[9489, 36534, 69125, 402583, 651628, 735371]","[7670, 7670, 58895, 154811, 404940, 578540, 721340]","[3108, 106344, 434885, 535782, 598201]","[7565, 623101]",[543015],"[59051, 59052, 79536, 90202, 101041, 126393, 265434, 337384, 396699, 405271, 466342, 542844]","[36850, 100851, 101013, 116194, 195633, 231170, 278672, 332996, 348892, 360810, 405272, 466452, 523996, 525749, 578161, 578167, 639549]","[19067, 60680, 60682, 60683, 79489, 160296, 160303, 160304, 160305, 160306, 160307, 160308, 278645, 436624, 538631, 538633, 550141, 633391]","[233959, 381324, 651538, 705863]","[60679, 160295, 160299, 160303, 160307, 278639, 294610]","[3846, 69067, 79267, 113440, 150449, 233935, 278695, 278741, 360998, 598237, 608230]","[6956, 59052, 59056, 59057, 59062, 396672, 436357, 436376, 524822, 633469, 703144]",[422706],"[339, 3023, 9453, 19171, 90339, 123242, 204924, 231245, 332996, 396894, 405272, 445865, 523996, 578167, 609113, 633254, 703348]","[59051, 59052, 59053, 59054, 59055, 59058, 154829, 154830, 154848, 154849, 424406, 466471, 523902, 523903, 523904, 523905, 523906, 523907, 523908, 523996, 525766, 525771, 525772, 525774, 525776, 525777, 525778, 525780, 525815, 535874, 703394]","[7319, 19171, 223837, 294433, 374415, 455091, 705235]","[59052, 101043, 126622, 154820, 157584, 337508, 405271, 524665, 542923]","[3272, 6721, 69106, 101016, 294433, 355363, 381298, 405173, 524607, 525794, 735358]","[90202, 523908, 525782, 525783, 550171, 703395, 721537, 721654]","[268828, 337332, 378256]","[220329, 333384, 524427, 663024, 705863]",[220245],"[6554, 19001, 90394, 111659, 466365, 735662]","[3769, 73493, 115924, 119804, 278849, 355224, 646764, 735515]","[101263, 150437, 180273, 455009, 608052, 646777]","[438882, 608138]"
chromosome=XI,"[258656, 278779]","[67708, 99760, 143516, 440273, 463337, 518945, 608725, 635503]","[93682, 217105, 217107, 217113, 279075, 279080, 308919, 308922, 322331, 322332, 322337, 340709, 382130, 382244, 382252, 393487, 393489, 393493, 581072, 590226, 590230, 635514]","[109102, 127286, 171423, 260808, 278779, 519148, 666638, 666759, 666782, 666791]","[171412, 278777]","[67758, 67760, 67761, 67762, 67763, 67764, 67765, 67766, 67767, 67768, 67769, 67770, 67771, 67772, 67773, 67774, 67775, 67781, 70711, 385098, 385099, 385100, 385101, 385102, 385103, 385104, 385105, 385108, 385109, 385110, 385111, 385114, 518068, 518069, 518102, 518103, 518104, 518105, 518106, 518107, 518108, 518109, 518110, 518111, 518112, 518113, 518114, 518115, 518116, 518117, 518118, 518119, 518121, 635442, 635444, 635446, 635448, 635449, 635450, 635451, 635452, 635453, 635454, 635455, 635456, 635457, 635458, 635459, 635460, 635461, 635462, 635466]","[231430, 284961, 517175]","[217110, 260883, 260886, 260887, 260890, 260891, 308927, 435125, 519185, 618947, 618948]","[578854, 581609, 614826]","[127134, 203091, 217046, 385340, 457073]","[70961, 308650, 382494, 393561, 408303, 440188, 635683]",[74758],"[258979, 382286, 383481, 581205]",[84452],[70546],"[165909, 165999, 393371, 428757, 440165, 551760, 614204, 630396, 645739]","[108929, 171645, 517176]","[166003, 630450]",,"[262094, 279075, 313595, 327931, 428952, 551738, 581078]","[231555, 279075, 308922, 322499, 322502, 327849, 340672, 382139, 581273, 590235]","[67758, 67759, 67760, 67761, 67762, 67763, 67764, 67765, 67766, 67767, 67768, 67769, 67770, 67771, 67772, 67773, 67774, 67775, 67776, 67777, 70711, 70712, 258973, 369681, 385099, 385100, 385101, 385102, 385103, 385104, 385105, 385110, 385111, 518068, 518069, 518102, 518103, 518104, 518105, 518106, 518107, 518108, 518109, 518110, 518111, 518112, 518113, 518114, 518115, 518116, 518117, 518118, 518120, 518128, 519212, 581885, 608598, 635446, 635448, 635449, 635450, 635451, 635452, 635453, 635454, 635455, 635456, 635457, 635458, 635459, 635460, 635461, 635462]","[67731, 278798, 445229]","[67763, 67765, 67766, 67768, 67770, 67772, 96394, 315496, 385100, 385102, 518069, 518106, 518107, 518108, 518109, 518110, 518116, 518117, 635445, 635453, 635455, 635457, 635461, 645559]","[309, 109043, 158294, 166099, 247695, 248417, 302921, 369646, 428884, 439729, 445072, 463363, 517405, 581745, 618802]","[440174, 469379]",[439776],"[93682, 258586, 258705, 313321, 317451, 439457, 518922, 581273, 614803, 614998, 630569]","[68099, 217107, 217113, 260884, 260887, 279075, 308922, 340678, 385485, 393487, 393498, 428758, 428766, 428770, 428955, 487422, 581078, 581079, 581080, 608727, 618948]","[361, 93690, 127215, 147175, 260556, 260658, 260774, 355543, 457339, 513323, 645490]","[2828, 84507, 140994, 217105, 226071, 382243, 393486, 428940, 428953]","[84517, 231298, 245606, 315681, 322532, 408196, 457471, 581973, 615197]","[84509, 127184, 217105, 217106, 279075, 322331, 322332, 322336, 322337, 322338, 382135, 382243, 382247, 382252, 393487, 393492, 428781, 519099, 581079, 635513, 635517]","[202908, 203170, 355776, 408312, 519140, 645428]",,[369516],"[92363, 171413, 369661]","[109230, 143195, 158356, 435077, 463605, 463791]","[92696, 92716, 212886, 216866, 245908, 248448, 429039, 435241, 457210, 517042]","[70908, 74722, 127129, 262223, 369713, 519249, 581574]"
chromosome=XII,"[924750, 1068259, 1074922]","[130926, 364506, 370713, 380978, 416922, 418404, 647243, 747530, 1011404]","[48874, 87174, 87175, 87179, 87180, 108255, 130930, 167922, 201557, 201558, 201562, 332328, 388555, 388558, 388697, 417173, 636433, 704250, 723687, 922373, 954685, 1002005, 1011573, 1060982]","[3546, 332044, 404552, 424129, 424343, 424352, 427157, 456248, 510601, 510601, 510904, 611866, 647275, 704588, 723540, 793943, 797204, 871677, 921824, 924698, 950411, 1012319, 1064862, 1065049, 1065114, 1065120, 1065126, 1074724]","[87008, 108532, 156662, 167951, 198228, 341208, 390539, 424355, 534341, 647278, 704579, 728262, 759199, 783788, 922094, 1014099]","[80315, 86821, 86830, 124969, 124974, 124975, 124982, 179748, 179750, 179893, 179894, 179896, 259708, 259709, 259710, 282680, 282687, 282688, 282691, 282694, 282702, 368537, 505937, 636545, 636549, 636550, 636551, 636552, 636553, 636555, 636556, 636557, 636558, 636559, 645762, 704439, 704440, 704444, 704445, 704447, 809521, 950334, 950342, 950344, 1012087, 1012093, 1071567]","[828233, 921681]","[48853, 48854, 48855, 48856, 48857, 48859, 48860, 48861, 48862, 48863, 48867, 48868, 81387, 81388, 81402, 167915, 201567, 253309, 522254, 522256, 585917, 585920, 585932, 585933, 1012164, 1012168, 1059677]","[9800, 490159, 794015, 898139, 922179]","[65412, 167973, 201602, 407130, 407131, 534682, 576429, 710466, 730776, 789980, 823051]","[80220, 150594, 168228, 399576, 407084, 418330, 448321, 505846, 633185, 734919]",,"[329729, 329735, 424283, 424334, 500468, 522229, 645751, 645755, 645771, 646073, 704523, 809529, 875132, 1011652]","[473626, 475839, 483206]","[456556, 504440, 573814, 710646]","[125405, 125443, 179847, 212113, 215210, 262967, 418112, 456410, 678085, 730481, 737683, 759290, 781444, 809228, 828608, 839410, 954342, 1043624]","[214816, 329382, 498509, 586275, 796278, 1001936]","[125387, 125391, 125393, 125395, 125397, 125399, 125401, 125403, 125405, 125407, 131151, 164107, 215244, 262818, 323394, 445320, 713355]","[80652, 263044, 473581, 483161]","[108261, 125339, 167910, 167917, 201558, 201566, 368605, 573886, 573888, 713169, 877560, 921947, 1011563, 1060976, 1071620]","[65328, 87179, 87185, 109298, 130927, 212257, 214870, 329570, 332327, 424355, 475783, 510351, 573944, 611872, 646001, 710702, 728488, 828476, 839515, 921807, 921827, 922373, 924783, 1012162, 1012448, 1061204, 1068115, 1070712, 1074778]","[86839, 86840, 86842, 124968, 124969, 124970, 124973, 124975, 124983, 130902, 179750, 179754, 179894, 179895, 179896, 179897, 259708, 259710, 282691, 282693, 449594, 500533, 636549, 636550, 636551, 636552, 636554, 636555, 636556, 636557, 636558, 636559, 645769, 704437, 704443, 704445, 747372, 809622, 819057, 819059, 950292, 950293, 950296, 950340, 950341, 1012090, 1014296, 1028336]","[490370, 707389]","[84506, 124974, 124975, 124976, 124977, 130902, 179893, 179894, 187489, 198086, 259708, 259710, 368538, 370942, 449584, 449587, 472573, 482153, 485805, 505939, 645749, 645755, 645757, 645759, 645763, 645765, 645771, 658161, 704445, 732186, 819059, 950290, 950292, 1011367, 1012084, 1012090, 1013338, 1014290, 1028327]","[3692, 49873, 86887, 108374, 282872, 323370, 332227, 390416, 410166, 440282, 444967, 456508, 510470, 510470, 510679, 510679, 510891, 515162, 522483, 576401, 605388, 658372, 677834, 704361, 704661, 713090, 796471, 809384, 871438, 922292, 954433, 1014195]","[13920, 48670, 150858, 150861, 522255, 585918, 636123, 809570, 809571, 1019116, 1019118, 1019121, 1059673]","[472522, 482102, 485754, 1071467, 1078130]","[352, 13761, 65347, 108535, 109298, 125349, 198925, 388498, 399534, 424083, 449549, 470878, 473581, 483161, 484110, 487762, 504099, 510351, 510651, 510651, 510651, 611869, 611983, 646007, 707155, 728491, 839611, 839789, 921807, 921824, 932132, 1002005]","[36721, 48853, 48854, 48855, 48856, 48857, 48858, 48859, 48860, 48861, 48862, 48863, 48864, 48866, 48867, 48868, 48869, 81386, 81387, 81388, 81403, 84473, 167915, 167916, 167917, 167922, 167928, 201568, 253085, 253323, 470924, 484156, 487808, 511023, 522254, 573894, 573900, 585917, 585918, 585919, 585920, 585921, 585922, 585924, 612140, 612146, 612156, 612157, 723687, 723688, 730782, 1019116, 1060976, 1060977, 1060978]","[36726, 154093, 605368, 647041, 728317, 728491, 1071472, 1077765, 1078135]","[13920, 87179, 125354, 150801, 201557, 253079, 253321, 380876, 573887, 585913, 585918, 612133, 612146, 789982, 805649, 1011568, 1060970, 1072742]","[65392, 80422, 153873, 214848, 282959, 325542, 380884, 426950, 448575, 647200, 657159, 665234, 728491, 950463, 1012164, 1072653]","[48864, 48870, 48875, 87175, 87179, 87180, 108258, 167915, 167916, 201557, 201558, 332327, 380877, 573891, 573931, 585919, 612133, 612146, 612156, 704251, 809255, 877468, 954688, 1011560, 1011572, 1011574, 1011578, 1011580, 1011582, 1077877]","[202454, 238943, 329385, 504359, 515008, 647066, 723467, 809614]","[164409, 212248, 1059473, 1071597, 1074724]","[81129, 241882, 472732, 482312, 485964, 493548, 783692]","[22819, 87010, 180163, 187497, 259540, 325308, 723546, 725930, 759050, 796273, 1072790]","[3615, 87063, 390491, 504098, 728491, 764280]","[81228, 187478, 202596, 439875, 515140, 747564, 747601, 789933, 797292]","[125325, 154077, 234656, 329535, 498501, 611842, 759250, 781695, 839503, 932310, 1072651]"
chromosome=XIII,"[146283, 159140, 290848]","[272159, 306629, 701280, 701680, 732382]","[158402, 158405, 169926, 209039, 209169, 287296, 287297, 287469, 349730, 349734, 349747, 482828, 483745, 500730, 601263, 624214, 625400, 625404, 625440, 654687, 667204, 775628, 775885, 775894, 852304, 861161]","[3422, 46646, 273162, 290827, 306562, 439011, 463579, 482538, 505018, 540768, 590244, 590295, 798064, 810985, 826714]","[70355, 124376, 159237, 170106, 225677, 259165, 439021, 540774, 610732, 759206, 775845, 902589]","[13323, 146020, 279882, 279893, 287341, 287343, 348550, 348552, 348554, 348556, 348561, 348562, 348563, 348564, 408752, 411368, 411373, 411374, 411380, 411446, 483680, 483687, 483688, 625702, 625704, 625705, 625709, 625710, 625711, 625712, 701605, 772658, 772659, 772660, 772666, 772667, 772672, 808156, 808158, 826864, 874551, 874553, 874554, 874555, 874560, 874561, 874562, 874563]","[263157, 433906, 473076, 760279, 861073]","[110, 5271, 5310, 158395, 158396, 158397, 158398, 408588, 483742, 483747, 483748, 483749, 483754, 625412, 667198, 861205, 901415]","[158252, 209204, 236317, 280220, 284570, 303184, 310032, 605873, 624262, 732351, 831461, 874790]","[28310, 272169, 379302, 433944, 436547, 463772, 482442, 514102, 610651, 746149]","[225583, 600981, 601347, 746229, 776004]",,"[477908, 477910, 852521]","[225828, 756644]","[353249, 837983]","[28106, 433940, 505127, 605934, 831626, 859011, 902494]","[271977, 859210]","[46584, 192737, 192739, 266847, 654911, 654913, 859162, 859164]",[676474],"[209030, 209153, 209174, 236243, 349743, 625386, 675308, 756585, 808191, 915439]","[70434, 146173, 158515, 169914, 170298, 272159, 284745, 287296, 306448, 308764, 349748, 363153, 433732, 433734, 439216, 483647, 605722, 778050, 858972]","[13324, 13330, 146012, 158669, 279884, 279893, 287340, 287341, 287342, 287346, 303230, 348554, 348556, 348558, 348560, 348562, 408762, 411372, 411373, 411374, 411375, 411379, 411380, 411381, 411382, 411449, 411450, 625701, 625704, 625705, 625710, 625711, 625712, 625713, 632286, 701605, 701607, 772657, 772658, 772659, 772660, 772666, 772678, 808148, 852190, 874551, 874552, 874553, 874554, 874555, 874557, 874561, 874563]","[225643, 310027, 626405, 904860]","[13324, 16813, 37738, 145997, 287340, 347034, 408764, 408766, 408808, 411368, 411369, 411443, 411449, 483678, 483680, 514062, 632286, 632288, 772651, 772657, 772659, 775823, 826865, 852191, 874549, 874551, 874552, 874554, 874555, 874556]","[76, 3568, 91727, 195827, 253324, 283186, 347488, 353478, 408621, 413615, 482551, 540740, 610344, 610758, 627923, 759500, 760237, 798083, 798399, 838150, 874654, 886644, 902531, 902715]","[158393, 158395, 267178, 483741, 859011]","[167580, 557148, 808277]","[330, 26079, 209154, 284766, 287561, 309912, 349771, 352415, 408691, 551809, 624101, 676377, 778021, 778053, 826737, 852250]","[158394, 158395, 158396, 158397, 158398, 158399, 158400, 272154, 284743, 363153, 432202, 473192, 483741, 483742, 483743, 483744, 483745, 483749, 483751, 483752, 483753, 625405, 625412, 625415, 625416, 625417, 625423, 625424, 625425, 625431, 625432, 625433, 651257, 651263, 654813, 667198, 751672, 775888, 775889, 831389, 861205]","[28206, 225571, 258935, 287450, 308767, 436112, 483590, 605858, 624129, 667211, 754350, 775550, 874624, 902553]","[158393, 209174, 335105, 432229, 483741, 625405, 625409, 625433, 654686, 756588, 775890, 861152, 901653]","[16969, 196058, 284910, 432242, 473002, 500818, 537750, 654813]","[17046, 26090, 158401, 158402, 158405, 209175, 262986, 287296, 287463, 306477, 308760, 308762, 308764, 308766, 349729, 349731, 349733, 349735, 349739, 349743, 349746, 349747, 349748, 349751, 349765, 482829, 483744, 500727, 500729, 500731, 500733, 517445, 601263, 605848, 625381, 625405, 625409, 625410, 625411, 625421, 625429, 625433, 625437, 625439, 654687, 667204, 775885, 852374, 861153, 861164, 861166, 901430]","[13464, 253504, 287358, 732094, 832831]","[306756, 590292, 754358]","[352356, 353440, 408889, 675416]","[504824, 798314, 832797]","[3491, 268143, 436351, 540834, 675322, 772775, 777430, 810908, 826497, 904694, 915392]","[159315, 196014, 272055, 353509, 363117, 408752, 411279, 411446, 411449, 675369, 676617, 759508]","[158429, 159125, 284569, 309908, 349803, 379292, 433820, 501137, 654795, 676474]"
chromosome=XIV,"[200416, 350016]","[116486, 628868]","[60079, 60084, 107293, 174730, 289898, 289902, 289904, 352017, 352208, 481110, 498753, 501020, 602149]","[96263, 198250, 405909, 440993, 449674, 634184, 784078, 784164, 784166, 784179, 784240, 784255, 784265, 784274]","[59932, 137788, 198250, 198262, 198304, 254254, 374933, 602416, 634184]","[198234, 251862, 251864, 251874, 263339, 276412, 413426, 413430, 413432, 413436, 413438, 413440, 413442, 413443, 413444, 413445, 413446, 413447, 413448, 413449, 413450, 413451, 413452, 413454, 415044, 415045, 415046, 415047, 415048, 415049, 415050, 415051, 415052, 415053, 415054, 415055, 415056, 415057, 415058, 415059, 415060, 415061, 415062, 415063, 415064, 415065, 415066, 415067, 415068, 415069, 415070, 415071, 415072, 415073, 415074, 415075, 415076, 415077, 415078, 415079, 415080, 415081, 415082, 415083, 415084, 415085, 415086, 415096, 444650, 444652, 479441, 479447, 479453, 479455, 479456, 479457, 479458, 479459, 499576, 606080, 651857]","[495441, 503361]","[20, 6351, 6390, 107259, 107292, 107294, 116758, 263555, 280288, 280289, 281573, 412430, 642474, 642475, 642478, 642480]","[335734, 605219]","[289739, 373704, 434757, 499692, 576213]","[372232, 479418, 479545, 491488, 634025, 642555, 642563]",,"[289159, 442492, 495251]","[174870, 440790, 602083]","[200207, 605850]","[107155, 116563, 187950, 335240, 408037, 449523, 605738, 605750, 606149, 628824]","[372225, 606067]","[187948, 187950, 605724, 605726, 605728, 605730, 605732, 605734, 605736, 605738, 605740, 605742, 606153, 606155, 606161, 606163]",[87743],"[60081, 63335, 507424, 661855]","[87541, 107179, 251455, 263575, 374830, 412441, 440993, 519033, 640585, 661859, 661864]","[198237, 251865, 251874, 251875, 263340, 276418, 276421, 413430, 413432, 413435, 413436, 413438, 413441, 413442, 413443, 413444, 413445, 413446, 413447, 413448, 413449, 413450, 413451, 413452, 415045, 415046, 415047, 415048, 415049, 415051, 415052, 415053, 415054, 415055, 415056, 415057, 415058, 415059, 415060, 415061, 415062, 415063, 415064, 415065, 415066, 415068, 415069, 415070, 415071, 415072, 415073, 415074, 415075, 415076, 415077, 415078, 415079, 415080, 415081, 415082, 415083, 415084, 415085, 415086, 415087, 415088, 444650, 444651, 444652, 479455, 479457, 479458, 479459, 479460, 479463, 606080, 606092, 651858]",[662187],"[263339, 413433, 413435, 413445, 413447, 415046, 415047, 415048, 415053, 415056, 415064, 415065, 415070, 415073, 415081, 415083, 415085, 479459, 652069]","[59817, 107497, 187892, 198241, 198385, 276422, 350603, 350706, 355349, 355530, 355588, 413477, 415391, 479412, 479668, 547767, 576530, 725930]","[34469, 628790]",,"[240, 87691, 217383, 251455, 251733, 350072, 441024, 503241, 519086, 604897, 605226, 662210]","[107293, 174730, 187637, 280288, 280302, 281788, 373664, 412429, 560588, 568312, 642475, 642481]","[96425, 254213, 263580, 350820, 412174, 427267, 507215, 519090, 559314, 568104, 620141, 664039]","[116754, 217347, 280303, 281788, 374044, 408262, 412201, 481106, 507424, 568303]","[34630, 63148, 87615, 107102, 217386, 280157, 352238, 355650, 372354, 427250, 499674, 640428, 642472, 662007]","[60078, 60084, 63341, 107293, 263552, 263554, 289899, 289901, 374044, 481110]","[449433, 491438, 499404, 507261]","[289050, 631403, 642433]","[559409, 631536, 715761]","[198281, 335337, 392364, 568139, 715657]","[107102, 276142, 412445, 495434, 519165, 547530, 547531, 560678, 604886, 628703, 651919, 651961]","[198224, 297978, 355579, 392449, 392624, 418386, 499478, 547429, 559725, 605872]","[107258, 331220, 355380, 375034, 651919, 715347]"
chromosome=XV,[1087887],"[94613, 116020, 282052, 520725, 755030, 956502]","[69126, 116054, 231950, 231961, 383123, 397476, 430182, 638898, 638901, 825367, 825368, 825373, 904140, 949332, 978695, 1082457]","[110984, 116190, 161861, 232251, 241219, 241674, 242926, 391866, 480024, 571983, 586482, 671111, 769599, 780940, 882366, 915279, 931316, 931435, 968311, 1049174, 1084913, 1087689]","[80168, 83268, 109384, 242854, 288495, 446969, 479940, 480029, 480156, 579842, 733740, 908605, 968311, 1031457, 1039613]","[24840, 24843, 87303, 241362, 285736, 305082, 580087, 580088, 882611, 882613, 882614, 882615, 882616, 882617, 882618, 882619, 882620, 882621, 882622, 882623, 1031372, 1031374, 1031375, 1031376, 1031377, 1031378, 1031379, 1031380, 1031381, 1031382, 1031388, 1079486, 1091195]","[73832, 438571, 912096, 1059324]","[21713, 21714, 21721, 21727, 21728, 21729, 21733, 21736, 243130, 243131, 243144, 349581, 430158, 430159, 430160, 430161, 430162, 430163, 430164, 430165, 430167, 430168, 430169, 430174, 430175, 457910, 514909, 514926, 514927, 520944, 520950, 522805, 522808, 522810, 522811, 522812, 522813, 522814, 522815, 522818, 522821, 522822, 522823, 579719, 768266, 768267, 768268, 768269, 1082542]","[94296, 116262, 618396, 866986]","[21747, 73851, 87266, 241898, 285580, 464415, 594521, 663788, 755028, 755085, 755337, 960626, 1004153, 1029073]","[693, 10928, 28043, 241407, 282350, 349664, 349886, 448822, 577933, 710284, 768085]",[384792],"[24807, 87430, 109353, 430062, 671116, 772178, 780069, 882569]","[34074, 87407, 99653, 104208, 288588, 292105]","[274733, 288247, 397348]","[750, 326642, 580118, 673776, 912105, 980630, 1043187]","[21791, 58411, 58718, 73767, 301320, 836695, 931552]","[646, 83088, 94735, 241541, 241541, 580118, 580120, 679221, 1029079, 1029081]",,"[231956, 383121, 383294, 430156, 520926, 594497, 769808, 939539, 949188, 949330, 976690, 980845, 986697, 1071026, 1091248]","[83354, 161861, 161869, 234351, 234357, 343397, 343410, 514908, 578214, 594342, 722053, 722059, 733955, 825155, 825367, 825372, 825373, 989231, 1087743]","[21807, 24843, 24844, 87302, 87303, 241355, 305084, 305085, 305094, 444040, 580093, 683906, 882579, 882610, 882611, 882613, 882614, 882615, 882616, 882617, 882618, 882619, 882620, 882621, 882622, 882624, 1004256, 1004258, 1004406, 1031367, 1031368, 1031372, 1031373, 1031374, 1031375, 1031376, 1031377, 1031378, 1031379, 1031380, 1031381, 1031382, 1079484]","[109384, 480027, 901461]","[73954, 73956, 241355, 305085, 384795, 426237, 427473, 427474, 438770, 461719, 481809, 481811, 481817, 586385, 770373, 770380, 780069, 882579, 882608, 882616, 882618, 882620, 882622, 1031367, 1031371, 1031373, 1031376, 1031378, 1031380, 1031381]","[351, 24809, 79816, 80104, 80187, 128946, 161977, 349214, 349241, 349630, 430300, 448803, 482041, 494839, 579949, 606462, 618437, 673948, 769597, 772513, 825830, 832276, 832276, 832563, 837022, 912577, 912627, 939754, 956736, 968264, 968276, 989545, 1003591, 1079597, 1083542]","[110788, 110791, 110794, 326628, 326629, 430157, 522809, 522820, 522821, 522822, 552988, 577904, 594463, 768260, 768261, 768263, 939548, 939550, 1071024]","[34336, 1091095]","[24947, 226499, 232301, 234351, 241650, 389068, 446867, 514927, 579783, 594342, 606565, 632150, 721924, 722050, 762258, 770223, 825168, 882480, 939528, 1082463]","[21713, 21720, 21726, 69126, 69127, 83208, 94611, 99753, 226504, 226583, 243138, 397396, 417961, 430156, 430157, 430158, 430159, 430160, 430161, 430162, 430163, 430164, 430165, 430166, 430167, 430168, 430169, 430170, 430171, 430172, 430175, 430176, 457904, 457905, 514927, 514928, 520945, 522804, 522805, 522806, 522808, 522809, 522810, 522811, 522812, 522813, 522814, 522815, 522816, 522817, 522818, 522819, 522822, 522825, 594295, 638896, 678988, 768265, 768266, 768267, 768268, 768269, 768270, 768271, 769811, 908881, 1028855, 1079762]","[403, 11058, 24947, 58531, 69054, 80110, 110879, 312747, 380519, 391668, 443643, 493019, 505385, 511421, 552783, 618552, 673973, 762230, 762246, 772375, 780149, 825181, 882293, 882342, 908746, 1091100]","[94605, 383308, 397576, 430157, 505336, 522809, 594293, 768263, 891833, 901491, 931335, 939539, 949327, 1084094]","[21734, 27869, 27871, 93082, 99386, 285650, 292298, 391633, 397330, 427518, 522841, 586670, 892041, 939585, 939591, 1003402, 1053891]","[69122, 83504, 226510, 226515, 231956, 343646, 430170, 430176, 430178, 430182, 472538, 472540, 825899, 931335, 949328, 949331, 949332, 986674, 986700, 1090842]","[92937, 631871]","[83259, 391595, 461869, 520769, 578234, 882388, 1087689, 1091225]","[594266, 679059, 721782, 768203]","[11136, 24775, 161967, 232214, 427443, 464474, 683822, 762250, 908535]","[74048, 128814, 292246, 418254, 472461, 772210, 825899, 882502]","[79955, 162004, 444040, 482041, 493322, 580094, 721633, 770398, 1079595]","[83214, 93048, 168055, 410401, 424510, 594612, 683684, 710250, 836929, 884031, 908735, 960513, 986654]"
chromosome=Mito,"[914, 915, 916, 2604, 2605, 2759, 2765, 4544, 6145, 6196, 6197, 6198, 9497, 9503, 12276, 12282, 24869, 24871, 28147, 33203, 47482, 47488, 50493, 50494, 52339, 52345, 55426, 55428, 57037, 57043, 57823, 57825, 65072, 65903, 65907, 67954, 67960, 68026, 68663, 71221, 71227, 72796, 72797, 72798, 73131, 73134, 73136, 75628, 75634, 81351, 83316, 85588, 85592]",[31450],,"[911, 915, 916, 919, 2604, 2606, 2609, 2759, 4323, 4544, 6193, 6197, 6198, 6201, 9497, 12276, 12357, 12361, 24869, 26173, 28147, 28151, 40357, 44888, 47482, 50493, 50495, 50498, 52339, 53231, 55426, 56843, 57037, 57823, 65071, 65073, 65075, 65695, 65698, 65901, 65903, 65905, 65906, 67954, 68026, 68029, 68663, 71221, 72793, 72797, 72798, 72801, 73134, 75628, 75876, 81350, 81351, 81354, 83317, 83319, 83899, 85586, 85591]","[914, 917, 925, 2602, 2604, 6196, 6199, 12362, 24875, 28147, 28149, 50491, 50493, 55432, 57829, 65069, 65071, 65701, 65901, 68022, 68024, 68661, 68664, 72796, 72799, 73126, 81348, 81350, 85589, 85592]",[2819],"[24267, 61087]",[23814],[41732],"[15480, 19385, 29733, 31512, 43034, 44824, 48269, 49335, 50669, 59908, 65868, 74367, 85476]","[2898, 4366, 4491, 4958, 5337, 7058, 9575, 11473, 12156, 12231, 12590, 13738, 13743, 15480, 19356, 22377, 23654, 23747, 24375, 25100, 27916, 27982, 29987, 30079, 33163, 33689, 33958, 34788, 34912, 36045, 36049, 36053, 36057, 36061, 40152, 40153, 41067, 43034, 44824, 47551, 47637, 48973, 50307, 50530, 50669, 52133, 52300, 52452, 53169, 55200, 57147, 58552, 60759, 62152, 63681, 63841, 64367, 65209, 66898, 66909, 66936, 67269, 68532, 69397, 69835, 71105, 72969, 72986, 74332, 74367, 74586, 76400, 77724, 80406, 80571, 85348, 85476]",[26326],"[33034, 33035, 33191, 75873]",[58869],,"[831, 885, 1080, 2920, 4603, 5008, 5026, 5084, 6272, 6373, 6996, 7103, 7109, 7330, 8310, 8376, 8405, 8988, 9089, 9131, 9171, 11136, 11187, 11247, 12142, 12442, 15478, 19371, 21914, 23546, 24316, 27958, 28038, 28219, 28237, 29921, 30021, 31110, 32905, 33141, 33619, 33671, 33679, 33917, 33933, 33949, 34074, 34082, 34088, 34096, 34134, 34363, 34701, 34746, 34898, 35473, 36079, 36232, 36401, 36984, 40268, 40300, 40813, 42942, 43148, 43645, 43828, 43867, 44125, 45008, 46137, 46291, 46631, 46641, 46647, 47069, 47551, 47662, 47681, 48291, 48392, 50340, 53086, 53466, 54005, 55326, 57911, 58538, 58755, 59761, 62647, 62789, 62816, 63687, 63757, 64006, 64565, 64668, 64784, 65299, 65859, 66639, 67633, 67639, 67830, 67848, 67850, 67914, 68082, 68149, 68571, 68696, 68778, 68805, 68828, 69542, 69933, 69958, 69960, 70996, 71065, 72888, 72921, 75670, 75950, 76722, 76727, 76743, 76748, 77576, 77716, 77819, 77835, 80268, 80284, 81638, 81656, 83861, 85317]","[15456, 35235, 35240, 61984]","[875, 1150, 4622, 4624, 4632, 5008, 5100, 5106, 6363, 6411, 7016, 7085, 8310, 8395, 9147, 9155, 9157, 10875, 11231, 11239, 11241, 11243, 11245, 11247, 11249, 12411, 12413, 12415, 12417, 12419, 12421, 12456, 12458, 23888, 23919, 26018, 27944, 27946, 28258, 28260, 28266, 28268, 28270, 28299, 28301, 33661, 33663, 33665, 33669, 33671, 33673, 33677, 34726, 34728, 34730, 34732, 34831, 35035, 35037, 35039, 35041, 35043, 35335, 35533, 35535, 35537, 35541, 36409, 40732, 40734, 42926, 42928, 43158, 46137, 46354, 46356, 46455, 46621, 46623, 46629, 46631, 46633, 46639, 47361, 47646, 48160, 48166, 48170, 52290, 52292, 57726, 62639, 62641, 62643, 62645, 62647, 62649, 65611, 65615, 65617, 65619, 66955, 66961, 66963, 66965, 66967, 66969, 67840, 67842, 67846, 67848, 68712, 68805, 69946, 69948, 69950, 69952, 69956, 70998, 71047, 71053, 71315, 71319, 71323, 71329, 76053, 77819, 77825, 80419, 80421, 80423, 81201, 81203, 81209, 81211, 81213, 81215, 83429, 83695, 83847, 83851]",[36177],"[36291, 85444]","[29854, 43110, 64530, 73024, 77685, 83944]",,,,"[13983, 16437, 19349, 31210, 47721, 49091, 52323, 74346, 76775, 79804]","[820, 952, 955, 967, 979, 991, 1083, 1091, 1092, 1093, 1095, 1096, 1115, 1117, 2638, 2662, 2901, 2920, 2921, 2947, 2950, 2952, 2953, 2984, 3033, 4407, 4408, 4448, 4465, 4604, 4612, 4629, 4652, 4653, 4982, 4985, 5029, 5030, 5035, 5064, 5082, 5085, 5093, 5125, 5288, 5291, 5332, 5335, 5344, 5347, 5982, 6040, 6042, 6045, 6236, 6242, 6248, 6271, 6272, 6334, 6345, 6347, 6393, 6404, 6959, 6997, 6999, 7000, 7002, 7005, 7011, 7109, 7110, 7115, 7132, 7295, 7330, 8061, 8210, 8280, 8283, 8286, 8292, 8298, 8304, 8310, 8315, 8342, 8347, 8367, 8414, 8417, 8803, 8875, 8877, 8892, 8983, 8988, 8997, 9174, 9259, 9262, 9264, 9273, 9259, 9262, 9264, 9273, 9292, 9333, 9339, 9341, 9540, 9545, 9595, 9607, 9609, 9612, 9648, 9669, 9672, 9673, 11022, 11125, 11143, 11145, 11167, 11176, 11182, 11199, 11202, 11208, 11217, 11220, 11223, 11238, 11278, 11278, 11289, 11290, 11291, 11293, 11295, 11363, 11381, 11384, 11387, 11417, 11419, 11548, 11551, 11556, 11558, 11594, 11667, 12131, 12240, 12402, 12440, 12581, 13759, 13767, 13770, 13776, 13782, 15478, 19032, 19599, 19602, 21914, 21922, 21964, 22266, 22311, 22317, 22320, 22339, 22341, 22344, 22347, 22350, 23485, 23522, 23523, 23525, 23526, 23528, 23776, 23781, 23810, 23812, 23821, 23822, 23827, 23857, 23862, 23908, 23911, 23914, 23916, 24055, 24119, 24358, 24361, 25091, 26050, 26051, 26054, 28018, 28089, 28111, 28125, 28206, 29651, 29730, 29731, 29732, 29736, 29774, 29777, 29812, 29950, 29951, 29952, 30006, 30055, 30884, 30986, 31003, 31006, 31008, 31009, 31080, 31081, 31092, 31426, 31472, 31475, 31489, 31526, 31527, 31529, 31533, 31535, 31539, 31541, 31545, 31547, 31551, 31553, 31557, 31559, 31563, 31855, 32857, 32883, 32885, 32888, 32943, 32952, 32959, 33139, 33141, 33144, 33150, 33161, 33254, 33256, 33319, 33322, 33624, 33658, 33691, 33727, 33729, 33733, 33846, 33849, 33870, 33938, 33965, 34056, 34062, 34068, 34074, 34108, 34113, 34138, 34259, 34262, 34331, 34343, 34361, 34366, 34717, 34721, 34753, 34775, 34779, 34858, 34889, 34899, 34998, 35016, 35024, 35057, 35290, 35291, 35296, 35324, 35325, 35330, 35462, 35570, 36082, 36131, 36227, 36230, 36235, 36238, 36361, 36410, 40223, 40269, 40272, 40280, 40446, 41470, 41472, 41473, 41476, 41800, 42940, 42945, 42946, 42948, 42951, 42954, 42963, 43148, 43151, 43153, 43157, 43636, 43691, 43694, 43699, 43700, 43702, 43703, 43705, 43708, 43711, 43723, 43773, 43776, 43779, 43790, 43793, 43795, 43796, 43798, 43809, 43812, 43831, 43927, 43929, 43948, 44065, 44752, 44755, 44772, 44805, 44810, 44992, 45017, 45020, 45099, 46108, 46111, 46388, 46397, 46400, 46406, 46409, 46412, 46444, 46450, 46469, 46527, 46616, 46651, 46656, 46662, 46964, 46990, 46991, 46996, 47046, 47060, 47062, 47064, 47290, 47293, 47294, 47332, 47347, 47375, 47429, 47432, 47438, 47522, 47524, 47549, 47577, 47605, 48036, 48070, 48161, 48295, 48300, 48326, 48327, 48329, 48338, 48377, 48381, 48393, 48396, 48408, 48425, 48883, 48895, 48898, 48928, 48947, 48950, 48953, 48991, 49031, 49034, 49037, 49065, 49157, 49193, 49199, 49208, 49226, 49253, 49275, 49277, 49280, 49286, 49334, 50285, 50288, 50307, 50310, 50338, 50347, 50352, 50363, 50367, 50460, 50462, 50464, 50534, 50537, 50654, 50656, 50658, 50660, 52124, 52196, 52373, 52483, 52505, 52561, 53024, 53087, 53155, 53195, 53197, 53321, 53361, 53414, 53420, 53464, 53585, 53586, 53588, 53590, 53936, 53941, 55221, 55226, 55335, 55338, 55344, 55384, 55393, 55396, 55570, 55589, 55592, 55611, 56906, 56951, 56954, 56955, 56957, 57069, 57071, 57172, 57177, 57212, 57218, 57687, 57710, 57735, 57898, 57945, 58527, 58543, 58555, 58737, 58756, 60951, 60956, 61073, 61717, 61718, 62113, 62116, 62130, 62131, 62716, 62718, 62721, 62722, 62749, 62752, 62755, 62814, 62837, 62901, 63061, 63075, 63696, 63742, 63760, 63790, 63805, 63807, 63813, 63816, 63830, 63832, 63938, 63943, 63946, 63949, 63951, 63955, 63966, 63969, 63970, 63985, 63987, 63989, 63991, 64004, 64006, 64344, 64571, 64668, 64723, 64728, 64811, 64917, 64919, 64944, 64988, 64991, 65110, 65184, 65234, 65248, 65277, 65577, 65579, 65582, 65588, 65640, 65865, 65866, 65952, 65954, 65963, 65966, 65969, 66701, 66934, 66964, 67237, 67255, 67258, 67586, 67631, 67634, 67637, 67642, 67683, 67686, 67730, 67771, 67839, 67866, 67868, 67871, 67872, 67874, 67876, 68071, 68082, 68091, 68110, 68112, 68134, 68138, 68170, 68173, 68181, 68187, 68404, 68405, 68406, 68408, 68433, 68495, 68530, 68561, 68572, 68574, 68702, 68778, 68787, 68789, 68817, 69491, 69497, 69542, 69643, 69643, 69782, 69815, 69816, 69818, 69821, 69924, 69941, 69970, 69975, 69992, 70032, 70034, 70051, 70054, 70074, 70086, 71020, 71022, 71023, 71025, 71034, 71048, 71073, 71079, 71122, 71123, 71170, 71172, 71174, 71254, 71263, 71266, 72722, 72728, 72864, 72881, 72895, 72903, 72920, 72972, 72973, 72984, 73085, 73167, 74544, 74545, 74553, 74554, 74559, 75754, 75805, 75941, 75943, 76030, 76389, 76391, 76429, 76453, 76484, 76485, 76564, 76642, 76649, 76713, 76718, 76723, 76725, 76727, 76728, 76739, 77503, 77518, 77529, 77532, 77546, 77565, 77583, 77630, 77647, 77716, 77783, 77814, 77840, 80198, 80268, 80269, 80271, 80273, 80274, 80280, 80306, 80384, 80389, 80454, 80456, 81187, 81239, 81275, 81295, 81470, 81603, 81620, 81623, 81657, 81660, 81662, 83114, 83115, 83116, 83117, 83119, 83130, 83136, 83153, 83213, 83216, 83243, 83249, 83254, 83270, 83271, 83273, 83274, 83276, 83280, 83288, 83485, 83494, 83511, 83540, 83543, 83552, 83561, 83686, 83713, 83715, 83799, 83863, 83988, 84026, 84040, 84136, 85323, 85346, 85351, 85352, 85354, 85357, 85359, 85444, 85468, 85489, 85521]","[28167, 36177, 40373, 44229, 50727, 53737, 55443, 57840, 65712, 65922, 67016, 73116, 83337]",[83331],"[6101, 11545, 16282, 21915, 22263, 23809, 23816, 23817, 23820, 23823, 26055, 28079, 31008, 31532, 31538, 31544, 31550, 31556, 31562, 34073, 34093, 46983, 48331, 50660, 58777, 60999, 61008, 67636, 80273]",[57596],"[5996, 7264, 8301, 9262, 9262, 11545, 19227, 22267, 23807, 26055, 31006, 31432, 33914, 34053, 36291, 48002, 50462, 55315, 61017, 61018, 64550, 65237, 68071, 73043, 73047, 76628, 77707, 85444, 85446]","[9371, 18855, 22279, 34395, 45163]",,"[63059, 64851, 74175]","[7179, 43989, 83334]","[27968, 52418, 52429, 61758, 68712, 85483]",[24854],"[11437, 24104, 60699]",[77467],"[4361, 19572, 31602, 34230, 40423, 40981, 46737, 57598, 61057, 61081, 69830, 83951]"
chromosome=XVI,[944620],"[7443, 106742, 132380, 132507, 256954, 277566, 329312, 406580, 641445, 732060, 744117, 770952, 830572, 874797, 930575]","[7595, 40713, 114844, 132384, 132523, 165962, 195504, 195522, 329078, 329083, 329087, 373230, 425330, 432144, 436168, 453462, 572562, 572613, 614945, 645365, 645369, 694953, 771154, 843087]","[3238, 214647, 214653, 339006, 404389, 453670, 464132, 591548, 645547, 666157, 678901, 822191, 832076, 832085, 944422]","[114904, 214653, 308266, 404376, 404389, 425467, 464138, 503265, 645503, 832044, 832077]","[169530, 169547, 169551, 169559, 188920, 188924, 188925, 188926, 188928, 188929, 188930, 188931, 188932, 188933, 188934, 188935, 301402, 302876, 302877, 302879, 302880, 302881, 302882, 464166, 464168, 558023, 558025, 558027, 821609, 821610, 821615, 821903, 840320, 840325, 948033]","[169749, 256890, 297088, 406466, 411456, 830436]","[6260, 6299, 7145, 7162, 7446, 76562, 76564, 76565, 246832, 246838, 302994, 309801, 329081, 329082, 425229, 581335, 581336, 581337, 581338, 581339, 581340, 581341, 581342, 581343, 581344, 581350, 581351, 641456, 666017, 666020, 775716, 830575, 830607]",[463943],"[56168, 99378, 246852, 282110, 455192, 740004, 822359, 842921]","[6940, 7068, 75389, 121441, 188762, 329248, 436016, 560280, 627414, 739771, 789948, 856966]",,"[132676, 203255, 303145, 464132, 689603, 930538]","[214873, 309908, 921097]","[227845, 404389, 665961]","[7126, 165816, 210349, 271061, 277740, 482222, 557974, 689696, 771171]","[150188, 203234, 277499, 810752, 829507]","[7021, 7812, 106890, 165792, 165812, 165814, 165816, 165818, 165838, 575147, 575149, 575151, 575153]","[40320, 46901, 556169]","[99227, 132454, 195504, 329078, 436117, 453449, 491832, 572562, 587361, 615254, 643707, 813019, 875005]","[40569, 114507, 114843, 132476, 227954, 280096, 404241, 404491, 425327, 431982, 453528, 453531, 493220, 520141, 567035, 645373, 679100, 700334, 822343, 860566, 944039, 944476]","[132708, 132709, 169552, 169558, 169559, 188924, 188925, 188926, 188929, 188931, 188932, 188933, 188934, 188935, 188936, 188942, 227989, 281791, 302876, 302877, 302878, 302879, 302880, 302882, 302883, 491796, 572407, 653981, 653991, 700424, 821611, 821612, 821618, 829523]","[114724, 309997, 435902, 678875, 678883, 678916, 775774, 821796]","[76342, 76344, 76348, 76350, 169542, 169552, 188923, 188925, 188927, 301405, 302878, 302880, 302882, 558027, 572403, 641268, 643555, 813043, 829533, 840328, 843117, 927809]","[3384, 202930, 257330, 280199, 339853, 383261, 425471, 455412, 464142, 527324, 591264, 594166, 619932, 645649, 665767, 695096, 732008, 829233, 874979, 901961, 928051, 943816]","[7463, 555987, 555988, 615250, 643395, 830686]","[40320, 453497, 641513, 666178, 769218, 947933]","[149, 56152, 132476, 227954, 431987, 432131, 591321, 678901, 679100, 679112, 689842, 789758, 857123]","[76563, 76566, 246829, 246833, 246836, 296978, 302998, 329080, 329081, 329082, 329083, 329088, 329089, 432120, 453457, 556084, 560170, 572567, 572594, 572607, 581333, 581335, 581336, 581337, 581338, 581339, 581340, 581341, 581342, 581343, 581344, 615257, 645360, 771154, 771155, 775719, 830607]","[40721, 210183, 280223, 453712, 556135, 566964, 591399, 775737, 947571, 947938]","[76549, 99312, 195491, 195521, 246833, 338820, 453457, 455075, 491833, 572594, 739715, 771154, 840253, 943606]","[47139, 99325, 107097, 121617, 256950, 338760, 453748, 581929, 641441, 792322]","[99316, 132457, 132459, 195491, 195497, 195505, 195509, 296978, 297320, 308230, 329078, 373229, 411801, 453457, 453461, 572561, 572567, 572569, 572598, 615255, 645361, 700334, 840120, 840257, 843087, 875057, 947680]","[75816, 76373, 150282, 280205, 339035, 453833, 581957, 700515, 770740]","[132550, 247010, 520368, 921143, 944422]",[257332],"[792354, 943654]","[3307, 56359, 99199, 172907, 404172, 557881, 587317, 588618, 643802, 857265]","[165938, 203254, 339559, 453810, 493313, 557907, 558080, 689520, 789856, 857030]","[7447, 56158, 121446, 169470, 188683, 301558, 338763, 576154, 930573]"
chromosome=III,,[56831],"[50433, 78504, 91100, 91105, 142658, 236346, 236350, 236354, 305586]","[163636, 225434, 295381]",[122579],"[127789, 127791, 127792, 127793, 127794, 127795, 127798, 227806, 228952]",[303780],"[50536, 78508, 273944]",,,[197418],,"[227999, 299506, 303890]",[127925],,"[14483, 127974, 142879, 236315, 238852]",,"[50317, 50319, 50321, 50323, 50327, 91280]",,"[17160, 142559, 142561, 197156, 262633, 305580]","[50443, 91110, 120898, 236350, 273941, 305808]","[127792, 127793, 127794, 127795, 127797, 227799, 227800, 228956]","[125307, 225409]","[114103, 163487, 228956]","[14539, 78471, 137278]","[114414, 114415, 114445, 114446, 114447, 114450]",,"[17078, 17366, 133617, 178451]","[50537, 142657, 142658, 305580, 305581, 305582]","[50444, 133588]","[114496, 305574, 315955]","[78240, 236518]","[50431, 50433, 78587, 91101, 91105, 120899, 142562, 142657, 142658, 236349, 236350, 236353, 236355]","[56467, 91271, 178308]",[225434],[305991],,"[50443, 78522, 274148]","[56467, 274293]",[273944]
chromosome=VI,,[233896],"[3428, 54826, 54848, 54859, 74777, 106882, 106883, 106887, 106888, 106894, 106899, 106900, 255260]","[2583, 184001, 270112]",[184061],"[155943, 155985, 162303, 174047]","[98721, 155786, 269768]","[4418, 4457, 56192, 56196, 56199, 56200, 56207, 56208, 97615, 97617, 97618, 97619, 97620, 97621, 223991, 223992, 223993]",[3302],"[54935, 210589, 210589]",[255461],,[162280],[210788],,,[97794],"[148537, 182986, 182990, 182994, 182996]",[210678],"[54817, 54854, 55016, 55031, 55067, 255255]","[54722, 56190, 106887, 191778, 226216]","[54494, 97859, 106268, 155946, 162303, 174047, 174048]",,"[56076, 106268, 106270, 162290, 173974]","[6085, 89430, 106350, 191709, 210407, 225345, 226398]","[97613, 97616, 97619, 99153, 148515, 148517, 148518, 148546, 223991, 224141, 224142]",,"[95708, 255526, 255544, 256456]","[56191, 56197, 56203, 97615, 97618, 97620, 97621, 106882, 106894, 180864, 223992, 223993, 226131, 226133]","[55051, 74923, 210946, 226236]","[54581, 54854, 55015, 55031, 106401, 106876, 148515, 180864, 223807]","[56305, 90478, 210534, 210534, 223824]","[54831, 54854, 54858, 55016, 55032, 106587, 106595, 106876, 106881, 106882, 106883, 106887, 106888, 106893, 224063, 233866]",,[56290],,[225390],"[2652, 74777, 97902, 106595, 180958, 183428]","[155810, 174022]","[106763, 106909, 210538, 210538, 233899]"
